"date","sp","oil"
"2021-01-01",NA,NA
"2021-01-04",3700.65,47.47
"2021-01-05",3726.86,49.78
"2021-01-06",3748.14,50.45
"2021-01-07",3803.79,50.63
"2021-01-08",3824.68,52.14
"2021-01-11",3799.61,52.15
"2021-01-12",3801.19,53.08
"2021-01-13",3809.84,52.81
"2021-01-14",3795.54,53.47
"2021-01-15",3768.25,52.25
"2021-01-18",NA,NA
"2021-01-19",3798.91,52.87
"2021-01-20",3851.85,53.16
"2021-01-21",3853.07,53
"2021-01-22",3841.47,52.28
"2021-01-25",3855.36,52.78
"2021-01-26",3849.62,52.61
"2021-01-27",3750.77,52.81
"2021-01-28",3787.38,52.26
"2021-01-29",3714.24,52.16
"2021-02-01",3773.86,53.55
"2021-02-02",3826.31,54.77
"2021-02-03",3830.17,55.67
"2021-02-04",3871.74,56.19
"2021-02-05",3886.83,56.8
"2021-02-08",3915.59,57.95
"2021-02-09",3911.23,58.34
"2021-02-10",3909.88,58.69
"2021-02-11",3916.38,58.22
"2021-02-12",3934.83,59.5
"2021-02-15",NA,NA
"2021-02-16",3932.59,60.07
"2021-02-17",3931.33,61.09
"2021-02-18",3913.97,60.4
"2021-02-19",3906.71,59.12
"2021-02-22",3876.5,61.67
"2021-02-23",3881.37,61.66
"2021-02-24",3925.43,63.21
"2021-02-25",3829.34,63.43
"2021-02-26",3811.15,61.55
"2021-03-01",3901.82,60.54
"2021-03-02",3870.29,59.7
"2021-03-03",3819.72,61.33
"2021-03-04",3768.47,63.81
"2021-03-05",3841.94,66.08
"2021-03-08",3821.35,65.03
"2021-03-09",3875.44,64.02
"2021-03-10",3898.81,64.45
"2021-03-11",3939.34,66.02
"2021-03-12",3943.34,65.59
"2021-03-15",3968.94,65.36
"2021-03-16",3962.71,64.82
"2021-03-17",3974.12,64.55
"2021-03-18",3915.46,59.95
"2021-03-19",3913.1,61.43
"2021-03-22",3940.59,61.48
"2021-03-23",3910.52,57.75
"2021-03-24",3889.14,61.12
"2021-03-25",3909.52,58.47
"2021-03-26",3974.54,60.93
"2021-03-29",3971.09,61.49
"2021-03-30",3958.55,60.55
"2021-03-31",3972.89,59.19
"2021-04-01",4019.87,61.41
"2021-04-02",NA,NA
"2021-04-05",4077.91,58.73
"2021-04-06",4073.94,59.34
"2021-04-07",4079.95,59.77
"2021-04-08",4097.17,59.61
"2021-04-09",4128.8,59.29
"2021-04-12",4127.99,59.7
"2021-04-13",4141.59,60.2
"2021-04-14",4124.66,63.15
"2021-04-15",4170.42,63.42
"2021-04-16",4185.47,63.16
"2021-04-19",4163.26,63.33
"2021-04-20",4134.94,62.61
"2021-04-21",4173.42,61.34
"2021-04-22",4134.98,61.45
"2021-04-23",4180.17,62.18
"2021-04-26",4187.62,62.02
"2021-04-27",4186.72,63.03
"2021-04-28",4183.18,63.81
"2021-04-29",4211.47,65
"2021-04-30",4181.17,63.5
"2021-05-03",4192.66,64.46
"2021-05-04",4164.66,65.72
"2021-05-05",4167.59,65.63
"2021-05-06",4201.62,64.73
"2021-05-07",4232.6,64.96
"2021-05-10",4188.43,64.92
"2021-05-11",4152.1,65.31
"2021-05-12",4063.04,65.96
"2021-05-13",4112.5,63.82
"2021-05-14",4173.85,65.32
"2021-05-17",4163.29,66.24
"2021-05-18",4127.83,65.49
"2021-05-19",4115.68,63.28
"2021-05-20",4159.12,61.95
"2021-05-21",4155.86,63.61
"2021-05-24",4197.05,66.13
"2021-05-25",4188.13,66.27
"2021-05-26",4195.99,66.41
"2021-05-27",4200.88,66.87
"2021-05-28",4204.11,66.31
"2021-05-31",NA,NA
"2021-06-01",4202.04,67.8
"2021-06-02",4208.12,68.79
"2021-06-03",4192.85,68.81
"2021-06-04",4229.89,69.57
"2021-06-07",4226.52,69.21
"2021-06-08",4227.26,70.11
"2021-06-09",4219.55,69.9
"2021-06-10",4239.18,70.34
"2021-06-11",4247.44,71
"2021-06-14",4255.15,70.94
"2021-06-15",4246.59,72.06
"2021-06-16",4223.7,72.03
"2021-06-17",4221.86,71.06
"2021-06-18",4166.45,71.64
"2021-06-21",4224.79,73.64
"2021-06-22",4246.44,73.15
"2021-06-23",4241.84,73.11
"2021-06-24",4266.49,73.31
"2021-06-25",4280.7,74.21
"2021-06-28",4290.61,72.98
"2021-06-29",4291.8,73.14
"2021-06-30",4297.5,73.52
"2021-07-01",4319.94,75.33
"2021-07-02",4352.34,75.37
"2021-07-05",NA,NA
"2021-07-06",4343.54,73.62
"2021-07-07",4358.13,72.22
"2021-07-08",4320.82,72.98
"2021-07-09",4369.55,74.56
"2021-07-12",4384.63,74.21
"2021-07-13",4369.21,75.24
"2021-07-14",4374.3,73.06
"2021-07-15",4360.03,71.67
"2021-07-16",4327.16,71.76
"2021-07-19",4258.49,66.45
"2021-07-20",4323.06,67.32
"2021-07-21",4358.69,70.26
"2021-07-22",4367.48,72.15
"2021-07-23",4411.79,72.24
"2021-07-26",4422.3,72.15
"2021-07-27",4401.46,71.68
"2021-07-28",4400.64,72.37
"2021-07-29",4419.15,73.62
"2021-07-30",4395.26,73.93
"2021-08-02",4387.16,71.31
"2021-08-03",4423.15,70.64
"2021-08-04",4402.66,68.19
"2021-08-05",4429.1,69.1
"2021-08-06",4436.52,68.26
"2021-08-09",4432.35,66.56
"2021-08-10",4436.75,68.33
"2021-08-11",4447.7,69.3
"2021-08-12",4460.83,69.12
"2021-08-13",4468,68.36
"2021-08-16",4479.71,67.44
"2021-08-17",4448.08,66.5
"2021-08-18",4400.27,65.36
"2021-08-19",4405.8,63.69
"2021-08-20",4441.67,62.25
"2021-08-23",4479.53,65.65
"2021-08-24",4486.23,67.5
"2021-08-25",4496.19,68.54
"2021-08-26",4470,67.42
"2021-08-27",4509.37,68.84
"2021-08-30",4528.79,69.28
"2021-08-31",4522.68,68.43
"2021-09-01",4524.09,68.63
"2021-09-02",4536.95,70.07
"2021-09-03",4535.43,69.34
"2021-09-06",NA,NA
"2021-09-07",4520.03,68.49
"2021-09-08",4514.07,69.36
"2021-09-09",4493.28,68.26
"2021-09-10",4458.58,69.82
"2021-09-13",4468.73,70.54
"2021-09-14",4443.05,70.53
"2021-09-15",4480.7,72.59
"2021-09-16",4473.75,72.69
"2021-09-17",4432.99,72.09
"2021-09-20",4357.73,70.41
"2021-09-21",4354.19,70.51
"2021-09-22",4395.64,72.37
"2021-09-23",4448.98,73.43
"2021-09-24",4455.48,74.18
"2021-09-27",4443.11,75.54
"2021-09-28",4352.63,75.44
"2021-09-29",4359.46,75.06
"2021-09-30",4307.54,75.22
"2021-10-01",4357.04,76.01
"2021-10-04",4300.46,77.68
"2021-10-05",4345.72,79.17
"2021-10-06",4363.55,77.66
"2021-10-07",4399.76,78.46
"2021-10-08",4391.34,79.55
"2021-10-11",4361.19,80.64
"2021-10-12",4350.65,80.75
"2021-10-13",4363.8,80.67
"2021-10-14",4438.26,81.43
"2021-10-15",4471.37,82.39
"2021-10-18",4486.46,82.62
"2021-10-19",4519.63,83.19
"2021-10-20",4536.19,84.4
"2021-10-21",4549.78,82.64
"2021-10-22",4544.9,84.53
"2021-10-25",4566.48,84.64
"2021-10-26",4574.79,85.64
"2021-10-27",4551.68,82.66
"2021-10-28",4596.42,82.78
"2021-10-29",4605.38,83.5
"2021-11-01",4613.67,84.08
"2021-11-02",4630.65,83.91
"2021-11-03",4660.57,80.82
"2021-11-04",4680.06,78.88
"2021-11-05",4697.53,81.25
"2021-11-08",4701.7,81.96
"2021-11-09",4685.25,84.12
"2021-11-10",4646.71,81.23
"2021-11-11",4649.27,81.47
"2021-11-12",4682.85,80.87
"2021-11-15",4682.8,80.85
"2021-11-16",4700.9,80.76
"2021-11-17",4688.67,78.32
"2021-11-18",4704.54,78.92
"2021-11-19",4697.96,76.11
"2021-11-22",4682.94,76.74
"2021-11-23",4690.7,78.32
"2021-11-24",4701.46,78.32
"2021-11-25",NA,NA
"2021-11-26",4594.62,NA
"2021-11-29",4655.27,69.88
"2021-11-30",4567,66.14
"2021-12-01",4513.04,65.44
"2021-12-02",4577.1,66.6
"2021-12-03",4538.43,66.39
"2021-12-06",4591.67,69.62
"2021-12-07",4686.75,71.94
"2021-12-08",4701.21,72.43
"2021-12-09",4667.45,70.87
"2021-12-10",4712.02,71.71
"2021-12-13",4668.97,71.19
"2021-12-14",4634.09,70.57
"2021-12-15",4709.85,70.89
"2021-12-16",4668.67,72.34
"2021-12-17",4620.64,70.93
"2021-12-20",4568.02,68.69
"2021-12-21",4649.23,71.1
"2021-12-22",4696.56,72.82
"2021-12-23",4725.79,73.89
"2021-12-24",NA,NA
"2021-12-27",4791.19,75.49
"2021-12-28",4786.35,76.01
"2021-12-29",4793.06,76.58
"2021-12-30",4778.73,76.83
"2021-12-31",4766.18,75.33
"2022-01-03",4796.56,75.99
"2022-01-04",4793.54,77
"2022-01-05",4700.58,77.83
"2022-01-06",4696.05,79.47
"2022-01-07",4677.03,79
"2022-01-10",4670.29,78.11
"2022-01-11",4713.07,81.17
"2022-01-12",4726.35,82.51
"2022-01-13",4659.03,81.97
"2022-01-14",4662.85,83.82
"2022-01-17",NA,NA
"2022-01-18",4577.11,85.42
"2022-01-19",4532.76,86.84
"2022-01-20",4482.73,86.29
"2022-01-21",4397.94,85.16
"2022-01-24",4410.13,84.48
"2022-01-25",4356.45,86.61
"2022-01-26",4349.93,88.33
"2022-01-27",4326.51,87.61
"2022-01-28",4431.85,87.67
"2022-01-31",4515.55,89.16
"2022-02-01",4546.54,88.22
"2022-02-02",4589.38,88.16
"2022-02-03",4477.44,90.17
"2022-02-04",4500.53,92.27
"2022-02-07",4483.87,91.25
"2022-02-08",4521.54,89.32
"2022-02-09",4587.18,89.57
"2022-02-10",4504.08,89.83
"2022-02-11",4418.64,93.1
"2022-02-14",4401.67,95.52
"2022-02-15",4471.07,92.07
"2022-02-16",4475.01,93.83
"2022-02-17",4380.26,91.78
"2022-02-18",4348.87,91.26
"2022-02-21",NA,NA
"2022-02-22",4304.76,92.11
"2022-02-23",4225.5,92.14
"2022-02-24",4288.7,92.77
"2022-02-25",4384.65,91.68
"2022-02-28",4373.94,96.13
"2022-03-01",4306.26,103.66
"2022-03-02",4386.54,110.74
"2022-03-03",4363.49,107.69
"2022-03-04",4328.87,115.77
"2022-03-07",4201.09,119.26
"2022-03-08",4170.7,123.64
"2022-03-09",4277.88,108.81
"2022-03-10",4259.52,105.93
"2022-03-11",4204.31,109.31
"2022-03-14",4173.11,103.22
"2022-03-15",4262.45,96.42
"2022-03-16",4357.86,94.85
"2022-03-17",4411.67,102.97
"2022-03-18",4463.12,104.69
"2022-03-21",4461.18,112.14
"2022-03-22",4511.61,111.03
"2022-03-23",4456.24,114.89
"2022-03-24",4520.16,114.2
"2022-03-25",4543.06,116.2
"2022-03-28",4575.52,107.55
"2022-03-29",4631.6,104.25
"2022-03-30",4602.45,107.81
"2022-03-31",4530.41,100.53
"2022-04-01",4545.86,99.32
"2022-04-04",4582.64,103.29
"2022-04-05",4525.12,101.98
"2022-04-06",4481.15,96.39
"2022-04-07",4500.21,96.05
"2022-04-08",4488.28,98.35
"2022-04-11",4412.53,94.22
"2022-04-12",4397.45,100.52
"2022-04-13",4446.59,104.26
"2022-04-14",4392.59,106.84
"2022-04-15",NA,NA
"2022-04-18",4391.69,108.24
"2022-04-19",4462.21,102.54
"2022-04-20",4459.45,102.56
"2022-04-21",4393.66,103.89
"2022-04-22",4271.78,102.86
"2022-04-25",4296.12,99.6
"2022-04-26",4175.2,102.62
"2022-04-27",4183.96,101.96
"2022-04-28",4287.5,105.47
"2022-04-29",4131.93,104.59
"2022-05-02",4155.38,105.18
"2022-05-03",4175.48,102.53
"2022-05-04",4300.17,107.84
"2022-05-05",4146.87,108.17
"2022-05-06",4123.34,109.72
"2022-05-09",3991.24,103.08
"2022-05-10",4001.05,99.74
"2022-05-11",3935.18,105.5
"2022-05-12",3930.08,106.15
"2022-05-13",4023.89,110.52
"2022-05-16",4008.01,114.07
"2022-05-17",4088.85,112.31
"2022-05-18",3923.68,109.67
"2022-05-19",3900.79,112.21
"2022-05-20",3901.36,112.63
"2022-05-23",3973.75,110.32
"2022-05-24",3941.48,112.55
"2022-05-25",3978.73,112.88
"2022-05-26",4057.84,116.19
"2022-05-27",4158.24,114.96
"2022-05-30",NA,NA
"2022-05-31",4132.15,114.38
"2022-06-01",4101.23,115.26
"2022-06-02",4176.82,116.88
"2022-06-03",4108.54,118.97
"2022-06-06",4121.43,118.41
"2022-06-07",4160.68,119.55
"2022-06-08",4115.77,121.94
"2022-06-09",4017.82,121.52
"2022-06-10",3900.86,120.73
"2022-06-13",3749.63,120.92
"2022-06-14",3735.48,118.92
"2022-06-15",3789.99,115.32
"2022-06-16",3666.77,117.56
"2022-06-17",3674.84,109.56
"2022-06-20",NA,NA
"2022-06-21",3764.79,110.49
"2022-06-22",3759.89,106.22
"2022-06-23",3795.73,105.75
"2022-06-24",3911.74,109.07
"2022-06-27",3900.11,111.44
"2022-06-28",3821.55,113.66
"2022-06-29",3818.83,111.65
"2022-06-30",3785.38,107.76
"2022-07-01",3825.33,110.3
"2022-07-04",NA,NA
"2022-07-05",3831.39,101.55
"2022-07-06",3845.08,100.31
"2022-07-07",3902.62,104.62
"2022-07-08",3899.38,106.78
"2022-07-11",3854.43,106.09
"2022-07-12",3818.8,97.69
"2022-07-13",3801.78,98.44
"2022-07-14",3790.38,97.79
"2022-07-15",3863.16,99.59
"2022-07-18",3830.85,104.48
"2022-07-19",3936.69,106.12
"2022-07-20",3959.9,104.45
"2022-07-21",3998.95,98.44
"2022-07-22",3961.63,97.71
"2022-07-25",3966.84,99.83
"2022-07-26",3921.05,97.74
"2022-07-27",4023.61,100.03
"2022-07-28",4072.43,99.11
"2022-07-29",4130.29,101.31
"2022-08-01",4118.63,96.59
"2022-08-02",4091.19,97.14
"2022-08-03",4155.17,93.25
"2022-08-04",4151.94,91.29
"2022-08-05",4145.19,91.77
"2022-08-08",4140.06,93.52
"2022-08-09",4122.47,93.18
"2022-08-10",4210.24,94.68
"2022-08-11",4207.27,97.02
"2022-08-12",4280.15,94.86
"2022-08-15",4297.14,92.24
"2022-08-16",4305.2,89.23
"2022-08-17",4274.04,90.85
"2022-08-18",4283.74,93.2
"2022-08-19",4228.48,93.55
"2022-08-22",4137.99,93.42
"2022-08-23",4128.73,96.46
"2022-08-24",4140.77,95.52
"2022-08-25",4199.12,93.33
"2022-08-26",4057.66,93.63
"2022-08-29",4030.61,97.4
"2022-08-30",3986.16,92.08
"2022-08-31",3955,90.09
"2022-09-01",3966.85,87.09
"2022-09-02",3924.26,87.29
"2022-09-05",NA,NA
"2022-09-06",3908.19,87.35
"2022-09-07",3979.87,82.5
"2022-09-08",4006.18,84.04
"2022-09-09",4067.36,87.27
"2022-09-12",4110.41,88.18
"2022-09-13",3932.69,87.84
"2022-09-14",3946.01,88.88
"2022-09-15",3901.35,85.72
"2022-09-16",3873.33,85.57
"2022-09-19",3899.89,86.15
"2022-09-20",3855.93,84.69
"2022-09-21",3789.93,83.38
"2022-09-22",3757.99,84.02
"2022-09-23",3693.23,79.07
"2022-09-26",3655.04,77.17
"2022-09-27",3647.29,78.91
"2022-09-28",3719.04,82.61
"2022-09-29",3640.47,81.78
"2022-09-30",3585.62,79.91
"2022-10-03",3678.43,84.05
"2022-10-04",3790.93,86.87
"2022-10-05",3783.28,88.22
"2022-10-06",3744.52,88.9
"2022-10-07",3639.66,93.07
"2022-10-10",3612.39,91.6
"2022-10-11",3588.84,89.75
"2022-10-12",3577.03,87.83
"2022-10-13",3669.91,89.59
"2022-10-14",3583.07,86.1
"2022-10-17",3677.95,86
"2022-10-18",3719.98,83.29
"2022-10-19",3695.16,86
"2022-10-20",3665.78,86.02
"2022-10-21",3752.75,85.47
"2022-10-24",3797.34,86.12
"2022-10-25",3859.11,86.93
"2022-10-26",3830.6,89.39
"2022-10-27",3807.3,89.06
"2022-10-28",3901.06,87.85
"2022-10-31",3871.98,86.54
"2022-11-01",3856.1,88.36
"2022-11-02",3759.69,90.06
"2022-11-03",3719.89,88.14
"2022-11-04",3770.55,92.58
"2022-11-07",3806.8,91.8
"2022-11-08",3828.11,88.8
"2022-11-09",3748.57,85.79
"2022-11-10",3956.37,86.52
"2022-11-11",3992.93,89.14
"2022-11-14",3957.25,85.85
"2022-11-15",3991.73,86.87
"2022-11-16",3958.79,85.62
"2022-11-17",3946.56,81.69
"2022-11-18",3965.34,80.07
"2022-11-21",3949.94,79.74
"2022-11-22",4003.58,80.83
"2022-11-23",4027.26,77.93
"2022-11-24",NA,NA
"2022-11-25",4026.12,76.45
"2022-11-28",3963.94,77.1
"2022-11-29",3957.63,77.96
"2022-11-30",4080.11,80.48
"2022-12-01",4076.57,81.06
"2022-12-02",4071.7,79.86
"2022-12-05",3998.84,76.83
"2022-12-06",3941.26,74.21
"2022-12-07",3933.92,71.93
"2022-12-08",3963.51,71.3
"2022-12-09",3934.38,71.05
"2022-12-12",3990.56,72.96
"2022-12-13",4019.65,75.44
"2022-12-14",3995.32,77.14
"2022-12-15",3895.75,75.89
"2022-12-16",3852.36,74.19
"2022-12-19",3817.66,75.05
"2022-12-20",3821.62,75.92
"2022-12-21",3878.44,78.17
"2022-12-22",3822.39,77.68
"2022-12-23",3844.82,79.57
"2022-12-26",NA,NA
"2022-12-27",3829.25,79.45
"2022-12-28",3783.22,78.89
"2022-12-29",3849.28,78.43
"2022-12-30",3839.5,80.16
"2023-01-02",NA,NA
"2023-01-03",3824.14,76.87
"2023-01-04",3852.97,72.82
"2023-01-05",3808.1,73.61
"2023-01-06",3895.08,73.77
"2023-01-09",3892.09,74.69
"2023-01-10",3919.25,75.11
"2023-01-11",3969.61,77.46
"2023-01-12",3983.17,78.32
"2023-01-13",3999.09,79.9
"2023-01-16",NA,NA
"2023-01-17",3990.97,80.25
"2023-01-18",3928.86,79.53
"2023-01-19",3898.85,80.31
"2023-01-20",3972.61,81.27
"2023-01-23",4019.81,81.62
"2023-01-24",4016.95,79.86
"2023-01-25",4016.22,79.78
"2023-01-26",4060.43,80.64
"2023-01-27",4070.56,79.73
"2023-01-30",4017.77,77.97
"2023-01-31",4076.6,78.95
"2023-02-01",4119.21,76.34
"2023-02-02",4179.76,75.87
"2023-02-03",4136.48,73.4
"2023-02-06",4111.08,74.11
"2023-02-07",4164,77.17
"2023-02-08",4117.86,78.47
"2023-02-09",4081.5,78.04
"2023-02-10",4090.46,79.74
"2023-02-13",4137.29,80.14
"2023-02-14",4136.13,79.08
"2023-02-15",4147.6,78.57
"2023-02-16",4090.41,78.45
"2023-02-17",4079.09,76.31
"2023-02-20",NA,NA
"2023-02-21",3997.34,76.28
"2023-02-22",3991.05,73.95
"2023-02-23",4012.32,75.26
"2023-02-24",3970.04,76.19
"2023-02-27",3982.24,75.57
"2023-02-28",3970.15,76.88
"2023-03-01",3951.39,77.57
"2023-03-02",3981.35,78.05
"2023-03-03",4045.64,79.62
"2023-03-06",4048.42,80.39
"2023-03-07",3986.37,77.45
"2023-03-08",3992.01,76.56
"2023-03-09",3918.32,75.6
"2023-03-10",3861.59,76.55
"2023-03-13",3855.76,74.68
"2023-03-14",3919.29,71.18
"2023-03-15",3891.93,67.38
"2023-03-16",3960.28,68.15
"2023-03-17",3916.64,66.61
"2023-03-20",3951.57,67.56
"2023-03-21",4002.87,69.4
"2023-03-22",3936.97,70.71
"2023-03-23",3948.72,69.77
"2023-03-24",3970.99,69.22
"2023-03-27",3977.53,72.87
"2023-03-28",3971.27,73.12
"2023-03-29",4027.81,72.95
"2023-03-30",4050.83,74.32
"2023-03-31",4109.31,75.68
"2023-04-03",4124.51,80.4
"2023-04-04",4100.6,80.7
"2023-04-05",4090.38,80.69
"2023-04-06",4105.02,80.7
"2023-04-07",NA,NA
"2023-04-10",4109.11,79.79
"2023-04-11",4108.94,81.54
"2023-04-12",4091.95,83.26
"2023-04-13",4146.22,82.16
"2023-04-14",4137.64,82.58
"2023-04-17",4151.32,80.93
"2023-04-18",4154.87,80.85
"2023-04-19",4154.52,79.18
"2023-04-20",4129.79,77.27
"2023-04-21",4133.52,77.86
"2023-04-24",4137.04,78.64
"2023-04-25",4071.63,77.05
"2023-04-26",4055.99,74.33
"2023-04-27",4135.35,74.77
"2023-04-28",4169.48,76.78
"2023-05-01",4167.87,75.65
"2023-05-02",4119.58,71.71
"2023-05-03",4090.75,68.62
"2023-05-04",4061.22,68.52
"2023-05-05",4136.25,71.32
"2023-05-08",4138.12,73.13
"2023-05-09",4119.17,73.68
"2023-05-10",4137.64,72.53
"2023-05-11",4130.62,70.81
"2023-05-12",4124.08,70.02
"2023-05-15",4136.28,71.07
"2023-05-16",4109.9,70.85
"2023-05-17",4158.77,72.78
"2023-05-18",4198.05,71.82
"2023-05-19",4191.98,71.57
"2023-05-22",4192.63,71.81
"2023-05-23",4145.58,72.87
"2023-05-24",4115.24,74.37
"2023-05-25",4151.28,71.68
"2023-05-26",4205.45,72.35
"2023-05-29",NA,NA
"2023-05-30",4205.52,69.45
"2023-05-31",4179.83,68.11
"2023-06-01",4221.02,70.09
"2023-06-02",4282.37,71.76
"2023-06-05",4273.79,72.14
"2023-06-06",4283.85,71.71
"2023-06-07",4267.52,72.52
"2023-06-08",4293.93,71.28
"2023-06-09",4298.86,70.16
"2023-06-12",4338.93,67.08
"2023-06-13",4369.01,69.39
"2023-06-14",4372.59,68.22
"2023-06-15",4425.84,70.61
"2023-06-16",4409.59,71.81
"2023-06-19",NA,NA
"2023-06-20",4388.71,70.94
"2023-06-21",4365.69,72.55
"2023-06-22",4381.89,69.22
"2023-06-23",4348.33,68.91
"2023-06-26",4328.82,69.09
"2023-06-27",4378.41,67.68
"2023-06-28",4376.86,69.54
"2023-06-29",4396.44,69.85
"2023-06-30",4450.38,70.66
"2023-07-03",4455.59,69.71
"2023-07-04",NA,NA
"2023-07-05",4446.82,71.78
"2023-07-06",4411.59,71.76
"2023-07-07",4398.95,73.91
"2023-07-10",4409.53,73.05
"2023-07-11",4439.26,74.87
"2023-07-12",4472.16,75.77
"2023-07-13",4510.04,76.86
"2023-07-14",4505.42,75.44
"2023-07-17",4522.79,74.17
"2023-07-18",4554.98,75.76
"2023-07-19",4565.72,75.4
"2023-07-20",4534.87,75.65
"2023-07-21",4536.34,77.06
"2023-07-24",4554.64,78.81
"2023-07-25",4567.46,79.76
"2023-07-26",4566.75,79.11
"2023-07-27",4537.41,80.17
"2023-07-28",4582.23,80.55
"2023-07-31",4588.96,81.8
"2023-08-01",4576.73,81.37
"2023-08-02",4513.39,79.5
"2023-08-03",4501.89,81.56
"2023-08-04",4478.03,82.76
"2023-08-07",4518.44,81.94
"2023-08-08",4499.38,82.94
"2023-08-09",4467.71,84.35
"2023-08-10",4468.83,82.81
"2023-08-11",4464.05,83.17
"2023-08-14",4489.72,82.5
"2023-08-15",4437.86,81.06
"2023-08-16",4404.33,79.4
"2023-08-17",4370.36,80.43
"2023-08-18",4369.71,81.25
"2023-08-21",4399.77,80.71
"2023-08-22",4387.55,80.25
"2023-08-23",4436.01,78.91
"2023-08-24",4376.31,79.52
"2023-08-25",4405.71,80.47
"2023-08-28",4433.31,80.65
"2023-08-29",4497.63,81.14
"2023-08-30",4514.87,81.64
"2023-08-31",4507.66,83.55
"2023-09-01",4515.77,85.52
"2023-09-04",NA,NA
"2023-09-05",4496.83,86.74
"2023-09-06",4465.48,87.55
"2023-09-07",4451.14,86.87
"2023-09-08",4457.49,87.51
"2023-09-11",4487.46,87.3
"2023-09-12",4461.9,88.87
"2023-09-13",4467.44,88.59
"2023-09-14",4505.1,90.13
"2023-09-15",4450.32,90.83
"2023-09-18",4453.53,91.47
"2023-09-19",4443.95,91.16
"2023-09-20",4402.2,89.2
"2023-09-21",4330,89.56
"2023-09-22",4320.06,90
"2023-09-25",4337.44,89.68
"2023-09-26",4273.53,91.43
"2023-09-27",4274.51,93.67
"2023-09-28",4299.7,91.65
"2023-09-29",4288.05,90.77
"2023-10-02",4288.39,88.81
"2023-10-03",4229.45,89.26
"2023-10-04",4263.75,84.32
"2023-10-05",4258.19,82.3
"2023-10-06",4308.5,82.83
"2023-10-09",4335.66,NA
"2023-10-10",4358.24,85.89
"2023-10-11",4376.95,83.7
"2023-10-12",4349.61,82.87
"2023-10-13",4327.78,87.67
"2023-10-16",4373.63,86.65
"2023-10-17",4373.2,86.66
"2023-10-18",4314.6,88.35
"2023-10-19",4278,89.35
"2023-10-20",4224.16,89.12
"2023-10-23",4217.04,85.49
"2023-10-24",4247.68,84.58
"2023-10-25",4186.77,86.07
"2023-10-26",4137.23,83.8
"2023-10-27",4117.37,86.04
"2023-10-30",4166.82,83.03
"2023-10-31",4193.8,81.64
"2023-11-01",4237.86,81.05
"2023-11-02",4317.78,83.04
"2023-11-03",4358.34,81.19
"2023-11-06",4365.98,81.54
"2023-11-07",4378.38,77.96
"2023-11-08",4382.78,75.85
"2023-11-09",4347.35,76.34
"2023-11-10",4415.24,NA
"2023-11-13",4411.55,78.86
"2023-11-14",4495.7,78.9
"2023-11-15",4502.88,77.15
"2023-11-16",4508.24,73.5
"2023-11-17",4514.02,76.47
"2023-11-20",4547.38,78.1
"2023-11-21",4538.19,78.35
"2023-11-22",4556.62,76.8
"2023-11-23",NA,NA
"2023-11-24",4559.34,74.83
"2023-11-27",4550.43,74.46
"2023-11-28",4554.89,76.09
"2023-11-29",4550.58,77.56
"2023-11-30",4567.8,75.66
"2023-12-01",4594.63,73.7
"2023-12-04",4569.78,72.73
"2023-12-05",4567.18,71.95
"2023-12-06",4549.34,68.98
"2023-12-07",4585.59,69
"2023-12-08",4604.37,70.87
"2023-12-11",4622.44,70.95
"2023-12-12",4643.7,68.27
"2023-12-13",4707.09,69.09
"2023-12-14",4719.55,71.21
"2023-12-15",4719.19,71.05
"2023-12-18",4740.56,72.16
"2023-12-19",4768.37,73.23
"2023-12-20",4698.35,73.87
"2023-12-21",4746.75,73.59
"2023-12-22",4754.63,73.29
"2023-12-25",NA,NA
"2023-12-26",4774.75,75.84
"2023-12-27",4781.58,74.31
"2023-12-28",4783.35,72.02
"2023-12-29",4769.83,71.89
"2024-01-01",NA,NA
"2024-01-02",4742.83,70.62
"2024-01-03",4704.81,72.97
"2024-01-04",4688.68,72.38
"2024-01-05",4697.24,74
"2024-01-08",4763.54,71.06
"2024-01-09",4756.5,72.43
"2024-01-10",4783.45,71.57
"2024-01-11",4780.24,72.15
"2024-01-12",4783.83,72.94
"2024-01-15",NA,NA
"2024-01-16",4765.98,72.63
"2024-01-17",4739.21,72.79
"2024-01-18",4780.94,74.32
"2024-01-19",4839.81,73.69
"2024-01-22",4850.43,75.26
"2024-01-23",4864.6,74.72
"2024-01-24",4868.55,75.48
"2024-01-25",4894.16,77.91
"2024-01-26",4890.97,78.45
"2024-01-29",4927.93,77.25
"2024-01-30",4924.97,78.3
"2024-01-31",4845.65,76.28
"2024-02-01",4906.19,74.36
"2024-02-02",4958.61,72.72
"2024-02-05",4942.81,73.21
"2024-02-06",4954.23,73.83
"2024-02-07",4995.06,74.26
"2024-02-08",4997.91,76.67
"2024-02-09",5026.61,77.26
"2024-02-12",5021.84,77.34
"2024-02-13",4953.17,78.28
"2024-02-14",5000.62,77.09
"2024-02-15",5029.73,78.47
"2024-02-16",5005.57,79.65
"2024-02-19",NA,NA
"2024-02-20",4975.51,78.72
"2024-02-21",4981.8,78.89
"2024-02-22",5087.03,79.64
"2024-02-23",5088.8,77.6
"2024-02-26",5069.53,78.53
"2024-02-27",5078.18,79.8
"2024-02-28",5069.76,79.44
"2024-02-29",5096.27,79.22
"2024-03-01",5137.08,80.9
"2024-03-04",5130.95,79.67
"2024-03-05",5078.65,79.11
"2024-03-06",5104.76,80.08
"2024-03-07",5157.36,79.81
"2024-03-08",5123.69,78.96
"2024-03-11",5117.94,78.87
"2024-03-12",5175.27,78.51
"2024-03-13",5165.31,80.67
"2024-03-14",5150.48,82.16
"2024-03-15",5117.09,81.94
"2024-03-18",5149.42,83.68
"2024-03-19",5178.51,84.39
"2024-03-20",5224.62,82.79
"2024-03-21",5241.53,81.99
"2024-03-22",5234.18,81.1
"2024-03-25",5218.19,82.41
"2024-03-26",5203.58,82.41
"2024-03-27",5248.49,82.15
"2024-03-28",5254.35,83.96
"2024-03-29",NA,NA
"2024-04-01",5243.77,84.54
"2024-04-02",5205.81,85.95
"2024-04-03",5211.49,86.22
"2024-04-04",5147.21,87.37
"2024-04-05",5204.34,87.69
"2024-04-08",5202.39,87.24
"2024-04-09",5209.91,86.04
"2024-04-10",5160.64,86.98
"2024-04-11",5199.06,85.79
"2024-04-12",5123.41,86.46
"2024-04-15",5061.82,86.21
"2024-04-16",5051.41,86.15
"2024-04-17",5022.21,83.58
"2024-04-18",5011.12,83.5
"2024-04-19",4967.23,83.79
"2024-04-22",5010.6,83.82
"2024-04-23",5070.55,84.17
"2024-04-24",5071.63,84.09
"2024-04-25",5048.42,84.92
"2024-04-26",5099.96,85.38
"2024-04-29",5116.17,84.26
"2024-04-30",5035.69,83.49
"2024-05-01",5018.39,80.7
"2024-05-02",5064.2,80.59
"2024-05-03",5127.79,79.65
"2024-05-06",5180.74,80.1
"2024-05-07",5187.7,79.97
"2024-05-08",5187.67,80.57
"2024-05-09",5214.08,80.86
"2024-05-10",5222.68,79.81
"2024-05-13",5221.42,80.71
"2024-05-14",5246.68,79.62
"2024-05-15",5308.15,80.23
"2024-05-16",5297.1,80.85
"2024-05-17",5303.27,81.66
"2024-05-20",5308.13,81.39
"2024-05-21",5321.41,80.66
"2024-05-22",5307.01,79.15
"2024-05-23",5267.84,77.47
"2024-05-24",5304.72,78.48
"2024-05-27",NA,NA
"2024-05-28",5306.04,80.9
"2024-05-29",5266.95,80.24
"2024-05-30",5235.48,78.96
"2024-05-31",5277.51,77.97
"2024-06-03",5283.4,75.26
"2024-06-04",5291.34,74.27
"2024-06-05",5354.03,75.08
"2024-06-06",5352.96,76.52
"2024-06-07",5346.99,76.53
"2024-06-10",5360.79,78.75
"2024-06-11",5375.32,78.88
"2024-06-12",5421.03,79.56
"2024-06-13",5433.74,79.61
"2024-06-14",5431.6,79.41
"2024-06-17",5473.23,81.33
"2024-06-18",5487.03,82.67
"2024-06-19",NA,NA
"2024-06-20",5473.17,83.34
"2024-06-21",5464.62,81.71
"2024-06-24",5447.87,82.63
"2024-06-25",5469.3,81.97
"2024-06-26",5477.9,82.19
"2024-06-27",5482.87,83.04
"2024-06-28",5460.48,82.83
"2024-07-01",5475.09,84.7
"2024-07-02",5509.01,84.09
"2024-07-03",5537.02,85.19
"2024-07-04",NA,NA
"2024-07-05",5567.19,84.44
"2024-07-08",5572.85,83.63
"2024-07-09",5576.98,82.78
"2024-07-10",5633.91,83.39
"2024-07-11",5584.54,83.92
"2024-07-12",5615.35,83.49
"2024-07-15",5631.22,83.22
"2024-07-16",5667.2,81.92
"2024-07-17",5588.27,84.16
"2024-07-18",5544.59,84.17
"2024-07-19",5505,81.43
"2024-07-22",5564.41,81.25
"2024-07-23",5555.74,78.24
"2024-07-24",5427.13,78.78
"2024-07-25",5399.22,79.43
"2024-07-26",5459.1,78.58
"2024-07-29",5463.54,77.27
"2024-07-30",5436.44,76.17
"2024-07-31",5522.3,79.36
"2024-08-01",5446.68,77.74
"2024-08-02",5346.56,74.99
"2024-08-05",5186.33,74.46
"2024-08-06",5240.03,74.6
"2024-08-07",5199.5,76.68
"2024-08-08",5319.31,77.64
"2024-08-09",5344.16,78.28
"2024-08-12",5344.39,81.45
"2024-08-13",5434.43,79.81
"2024-08-14",5455.21,78.47
"2024-08-15",5543.22,79.66
"2024-08-16",5554.25,78.05
"2024-08-19",5608.25,75.82
"2024-08-20",5597.12,75.27
"2024-08-21",5620.85,72.76
"2024-08-22",5570.64,73.72
"2024-08-23",5634.61,75.82
"2024-08-26",5616.84,78.4
"2024-08-27",5625.8,76.5
"2024-08-28",5592.18,75.49
"2024-08-29",5591.96,76.9
"2024-08-30",5648.4,74.52
"2024-09-02",NA,NA
"2024-09-03",5528.93,71.28
"2024-09-04",5520.07,70.11
"2024-09-05",5503.41,70.09
"2024-09-06",5408.42,68.58
"2024-09-09",5471.05,69.65
"2024-09-10",5495.52,66.73
"2024-09-11",5554.13,68.25
"2024-09-12",5595.76,69.89
"2024-09-13",5626.02,69.59
"2024-09-16",5633.09,71.1
"2024-09-17",5634.58,72.16
"2024-09-18",5618.26,71.87
"2024-09-19",5713.64,72.86
"2024-09-20",5702.55,72.72
"2024-09-23",5718.57,71.33
"2024-09-24",5732.93,72.34
"2024-09-25",5722.26,70.42
"2024-09-26",5745.37,68.28
"2024-09-27",5738.17,68.72
"2024-09-30",5762.48,68.75
"2024-10-01",5708.75,70.41
"2024-10-02",5709.54,70.74
"2024-10-03",5699.94,74.33
"2024-10-04",5751.07,74.93
"2024-10-07",5695.94,77.76
"2024-10-08",5751.13,74.26
"2024-10-09",5792.04,73.85
"2024-10-10",5780.05,76.46
"2024-10-11",5815.03,76.11
"2024-10-14",5859.85,NA
"2024-10-15",5815.26,71.22
"2024-10-16",5842.47,70.97
"2024-10-17",5841.47,71.26
"2024-10-18",5864.67,69.78
"2024-10-21",5853.98,71.16
"2024-10-22",5851.2,72.84
"2024-10-23",5797.42,71.37
"2024-10-24",5809.86,70.58
"2024-10-25",5808.12,72.02
"2024-10-28",5823.52,67.65
"2024-10-29",5832.92,67.48
"2024-10-30",5813.67,68.91
"2024-10-31",5705.45,69.58
"2024-11-01",5728.8,69.81
"2024-11-04",5712.69,71.83
"2024-11-05",5782.76,72.26
"2024-11-06",5929.04,71.98
"2024-11-07",5973.1,72.69
"2024-11-08",5995.54,70.69
"2024-11-11",6001.35,NA
"2024-11-12",5983.99,68.43
"2024-11-13",5985.38,68.76
"2024-11-14",5949.17,68.99
"2024-11-15",5870.62,67.33
"2024-11-18",5893.62,69.46
"2024-11-19",5916.98,69.75
"2024-11-20",5917.11,69.25
"2024-11-21",5948.71,70.39
"2024-11-22",5969.34,71.68
"2024-11-25",5987.37,69.41
"2024-11-26",6021.63,69.05
"2024-11-27",5998.74,69.03
"2024-11-28",NA,NA
"2024-11-29",6032.38,68.26
"2024-12-02",6047.15,68.35
"2024-12-03",6049.88,70.15
"2024-12-04",6086.49,68.81
"2024-12-05",6075.11,68.58
"2024-12-06",6090.27,68.58
"2024-12-09",6052.85,68.65
"2024-12-10",6034.91,68.85
"2024-12-11",6084.19,70.57
"2024-12-12",6051.25,70.25
"2024-12-13",6051.09,71.54
"2024-12-16",6074.08,71.03
"2024-12-17",6050.61,70.31
"2024-12-18",5872.16,70.8
"2024-12-19",5867.08,70.1
"2024-12-20",5930.85,69.71
"2024-12-23",5974.07,69.5
"2024-12-24",6040.04,70.87
"2024-12-25",NA,NA
"2024-12-26",6037.59,70.38
"2024-12-27",5970.84,71.28
"2024-12-30",5906.94,71.73
"2024-12-31",5881.63,72.44
"2025-01-01",NA,NA
"2025-01-02",5868.55,73.79
"2025-01-03",5942.47,74.64
"2025-01-06",5975.38,74.31
"2025-01-07",5909.03,74.99
"2025-01-08",5918.25,73.99
"2025-01-09",NA,NA
"2025-01-10",5827.04,77.27
"2025-01-13",5836.22,79.57
"2025-01-14",5842.91,78.2
"2025-01-15",5949.91,80.73
"2025-01-16",5937.34,79.35
"2025-01-17",5996.66,78.56
"2025-01-20",NA,NA
"2025-01-21",6049.24,76.79
"2025-01-22",6086.37,76.12
"2025-01-23",6118.71,75.03
"2025-01-24",6101.24,74.97
"2025-01-27",6012.28,73.51
"2025-01-28",6067.7,74.15
"2025-01-29",6039.31,72.94
"2025-01-30",6071.17,73.1
"2025-01-31",6040.53,72.84
"2025-02-03",5994.57,73.52
"2025-02-04",6037.88,73.04
"2025-02-05",6061.48,71.39
"2025-02-06",6083.57,70.97
"2025-02-07",6025.99,71.32
"2025-02-10",6066.44,72.73
"2025-02-11",6068.5,73.67
"2025-02-12",6051.97,71.72
"2025-02-13",6115.07,71.66
"2025-02-14",6114.63,71.05
"2025-02-17",NA,NA
"2025-02-18",6129.58,72.21
"2025-02-19",6144.15,72.58
"2025-02-20",6117.52,72.88
"2025-02-21",6013.13,70.72
"2025-02-24",5983.25,71.06
"2025-02-25",5955.25,69.15
"2025-02-26",5956.06,68.87
"2025-02-27",5861.57,70.62
"2025-02-28",5954.5,69.97
"2025-03-03",5849.72,68.63
"2025-03-04",5778.15,68.47
"2025-03-05",5842.63,66.58
"2025-03-06",5738.52,66.62
"2025-03-07",5770.2,67.29
"2025-03-10",5614.56,66.31
"2025-03-11",5572.07,66.52
"2025-03-12",5599.3,67.65
"2025-03-13",5521.52,66.82
"2025-03-14",5638.94,67.43
"2025-03-17",5675.12,67.84
"2025-03-18",5614.66,67.49
"2025-03-19",5675.29,67.4
"2025-03-20",5662.89,68.55
"2025-03-21",5667.56,68.52
"2025-03-24",5767.57,69.46
"2025-03-25",5776.65,69.48
"2025-03-26",5712.2,70.05
"2025-03-27",5693.31,70.3
"2025-03-28",5580.94,69.74
"2025-03-31",5611.85,71.87
"2025-04-01",5633.07,71.61
"2025-04-02",5670.97,72.12
"2025-04-03",5396.52,67.43
"2025-04-04",5074.08,62.42
"2025-04-07",5062.25,61.05
"2025-04-08",4982.77,60.04
"2025-04-09",5456.9,62.63
"2025-04-10",5268.05,60.57
"2025-04-11",5363.36,61.91
"2025-04-14",5405.97,61.99
"2025-04-15",5396.63,61.74
"2025-04-16",5275.7,62.88
"2025-04-17",5282.7,65.07
"2025-04-18",NA,NA
"2025-04-21",5158.2,63.48
"2025-04-22",5287.76,64.6
"2025-04-23",5375.86,62.64
"2025-04-24",5484.77,63.55
"2025-04-25",5525.21,63.85
"2025-04-28",5528.75,63.3
"2025-04-29",5560.83,61.84
"2025-04-30",5569.06,59.55
"2025-05-01",5604.14,60.59
"2025-05-02",5686.67,59.67
"2025-05-05",5650.38,58.5
"2025-05-06",5606.91,60.42
"2025-05-07",5631.28,59.42
"2025-05-08",5663.94,61.25
"2025-05-09",5659.91,62.37
"2025-05-12",5844.19,63.32
"2025-05-13",5886.55,65.04
"2025-05-14",5892.58,64.48
"2025-05-15",5916.93,63.03
"2025-05-16",5958.38,63.84
"2025-05-19",5963.6,63.98
"2025-05-20",5940.46,63.97
"2025-05-21",5844.61,62.93
"2025-05-22",5842.01,62.55
"2025-05-23",5802.82,62.89
"2025-05-26",NA,NA
"2025-05-27",5921.54,61.61
"2025-05-28",5888.55,62.54
"2025-05-29",5912.17,61.66
"2025-05-30",5911.69,61.46
"2025-06-02",5935.94,63.27
"2025-06-03",5970.37,64.1
"2025-06-04",5970.81,63.57
"2025-06-05",5939.3,64.06
"2025-06-06",6000.36,65.3
"2025-06-09",6005.88,65.99
"2025-06-10",6038.81,65.66
"2025-06-11",6022.24,68.91
"2025-06-12",6045.26,68.73
"2025-06-13",5976.97,73.84
"2025-06-16",6033.11,72.53
"2025-06-17",5982.72,75.62
"2025-06-18",5980.87,75.89
"2025-06-19",NA,NA
"2025-06-20",5967.84,75.72
"2025-06-23",6025.17,69.36
"2025-06-24",6092.18,65.45
"2025-06-25",6092.16,65.98
"2025-06-26",6141.02,66.44
"2025-06-27",6173.07,66.66
"2025-06-30",6204.95,66.3
"2025-07-01",6198.01,66.64
"2025-07-02",6227.42,68.66
"2025-07-03",6279.35,68.13
"2025-07-04",NA,NA
"2025-07-07",6229.98,69.16
"2025-07-08",6225.52,69.55
"2025-07-09",6263.26,69.61
"2025-07-10",6280.46,67.78
"2025-07-11",6259.75,69.63
"2025-07-14",6268.56,68.19
"2025-07-15",6243.76,67.76
"2025-07-16",6263.7,67.13
"2025-07-17",6297.36,68.76
"2025-07-18",6296.79,68.53
"2025-07-21",6305.6,68.39
"2025-07-22",6309.62,67.56
"2025-07-23",6358.91,66.05
"2025-07-24",6363.35,67.16
"2025-07-25",6388.64,66.38
"2025-07-28",6389.77,67.81
"2025-07-29",6370.86,70.27
"2025-07-30",6362.9,71.09
"2025-07-31",6339.39,70.36
"2025-08-01",6238.01,68.39
"2025-08-04",6329.94,67.33
"2025-08-05",6299.19,66.2
"2025-08-06",6345.06,65.38
"2025-08-07",6340,64.9
"2025-08-08",6389.45,64.94
"2025-08-11",6373.45,65.03
"2025-08-12",6445.76,64.22
"2025-08-13",6466.58,63.68
"2025-08-14",6468.54,64.99
"2025-08-15",6449.8,63.78
"2025-08-18",6449.15,64.51
"2025-08-19",6411.37,63.38
"2025-08-20",6395.78,64.19
"2025-08-21",6370.17,64.56
"2025-08-22",6466.91,64.08
"2025-08-25",6439.32,65.18
"2025-08-26",6465.94,63.6
"2025-08-27",6481.4,64.49
"2025-08-28",6501.86,64.96
"2025-08-29",6460.26,64.36
"2025-09-01",NA,NA
"2025-09-02",6415.54,65.95
"2025-09-03",6448.26,64.36
"2025-09-04",6502.08,63.81
"2025-09-05",6481.5,62.22
"2025-09-08",6495.15,62.6
"2025-09-09",6512.61,62.97
"2025-09-10",6532.04,64.01
"2025-09-11",6587.47,62.71
"2025-09-12",6584.29,63.02
"2025-09-15",6615.28,63.66
"2025-09-16",6606.76,64.89
"2025-09-17",6600.35,64.41
"2025-09-18",6631.96,63.91
"2025-09-19",6664.36,63.02
"2025-09-22",6693.75,62.99
"2025-09-23",6656.92,63.76
"2025-09-24",6637.97,65.4
"2025-09-25",6604.72,65.51
"2025-09-26",6643.7,66.5
"2025-09-29",6661.21,64.27
"2025-09-30",6688.46,63.17
"2025-10-01",6711.2,62.59
"2025-10-02",6715.35,61.28
"2025-10-03",6715.79,61.65
"2025-10-06",6740.28,62.49
"2025-10-07",6714.59,62.52
"2025-10-08",6753.72,63.37
"2025-10-09",6735.11,62.36
"2025-10-10",6552.51,59.75
"2025-10-13",6654.72,NA
"2025-10-14",6644.31,59.52
"2025-10-15",6671.06,59.08
"2025-10-16",6629.07,58.29
"2025-10-17",6664.01,58.3
"2025-10-20",6735.13,58.34
"2025-10-21",6735.35,58.66
"2025-10-22",6699.4,59.3
"2025-10-23",6738.44,62.44
"2025-10-24",6791.69,62.27
"2025-10-27",6875.16,62.13
"2025-10-28",6890.89,60.97
"2025-10-29",6890.59,61.26
"2025-10-30",6822.34,61.36
"2025-10-31",6840.2,61.75
"2025-11-03",6851.97,61.79
"2025-11-04",6771.55,61.38
"2025-11-05",6796.29,60.4
"2025-11-06",6720.32,60.24
"2025-11-07",6728.8,60.54
"2025-11-10",6832.43,60.94
"2025-11-11",6846.61,NA
"2025-11-12",6850.92,59.3
"2025-11-13",6737.49,59.54
"2025-11-14",6734.11,60.87
"2025-11-17",6672.41,60.66
"2025-11-18",6617.32,61.51
"2025-11-19",6642.16,60.27
"2025-11-20",6538.76,60.07
"2025-11-21",6602.99,58.86
"2025-11-24",6705.12,59.11
"2025-11-25",6765.88,58.25
"2025-11-26",6812.61,58.81
"2025-11-27",NA,NA
"2025-11-28",6849.09,58.58
"2025-12-01",6812.63,59.47
"2025-12-02",6829.37,58.81
"2025-12-03",6849.72,59.09
"2025-12-04",6857.12,59.82
"2025-12-05",6870.4,60.23
"2025-12-08",6846.51,59.04
"2025-12-09",6840.51,58.4
"2025-12-10",6886.68,58.67
"2025-12-11",6901,57.76
"2025-12-12",6827.41,57.61
"2025-12-15",6816.51,56.97
"2025-12-16",6800.26,55.44
"2025-12-17",6721.43,56.07
"2025-12-18",6774.76,56.22
"2025-12-19",6834.5,56.8
"2025-12-22",6878.49,58.18
"2025-12-23",6909.79,58.55
"2025-12-24",6932.05,58.72
"2025-12-25",NA,NA
"2025-12-26",6929.94,56.6
"2025-12-29",6905.74,57.89
"2025-12-30",6896.24,57.79
"2025-12-31",6845.5,57.26
"2026-01-01",NA,NA
"2026-01-02",6858.47,57.21
"2026-01-05",6902.05,58.1
"2026-01-06",6944.82,56.97
"2026-01-07",6920.93,56.01
"2026-01-08",6921.46,57.74
"2026-01-09",6966.28,58.96
"2026-01-12",6977.27,59.39
"2026-01-13",6963.74,60.85
"2026-01-14",6926.6,61.84
"2026-01-15",6944.47,59.13
"2026-01-16",6940.01,59.4
"2026-01-19",NA,NA
"2026-01-20",6796.86,60.3
"2026-01-21",6875.62,60.38
"2026-01-22",6913.35,59.24
"2026-01-23",6915.61,60.7
"2026-01-26",6950.23,60.46
"2026-01-27",6978.6,62.04
"2026-01-28",6978.03,62.75
"2026-01-29",6969.01,64.77
"2026-01-30",6939.03,64.5
"2026-02-02",6976.44,61.6
"2026-02-03",6917.81,62.62
"2026-02-04",6882.72,64.56
"2026-02-05",6798.4,62.9
"2026-02-06",6932.3,63.77
"2026-02-09",6964.82,64.53
"2026-02-10",6941.81,64.2
"2026-02-11",6941.47,64.8
"2026-02-12",6832.76,63.08
"2026-02-13",6836.17,63.05
"2026-02-16",NA,NA
"2026-02-17",6843.22,62.53
"2026-02-18",6881.31,65.33
"2026-02-19",6861.89,66.66
"2026-02-20",6909.51,66.69
"2026-02-23",6837.75,66.36
"2026-02-24",6890.07,65.62
"2026-02-25",6946.13,65.3
"2026-02-26",6908.86,65.1
"2026-02-27",6878.88,66.96
"2026-03-02",6881.62,71.13
"2026-03-03",6816.63,74.48
"2026-03-04",6869.5,74.58
"2026-03-05",6830.71,80.88
"2026-03-06",6740.02,90.77
"2026-03-09",6795.99,94.65
"2026-03-10",6781.48,83.71
"2026-03-11",6775.8,86.8
"2026-03-12",6672.62,95.61
"2026-03-13",6632.19,98.48
"2026-03-16",6699.38,93.39
"2026-03-17",6716.09,96.01
"2026-03-18",6624.7,96.12
"2026-03-19",6606.49,96.11
"2026-03-20",6506.48,98.71
"2026-03-23",6581,89.33
"2026-03-24",6556.37,93.18
"2026-03-25",6591.9,91.51
"2026-03-26",6477.16,96.18
"2026-03-27",6368.85,101.26
"2026-03-30",6343.72,104.69
"2026-03-31",6528.52,102.86
"2026-04-01",6575.32,101.9
"2026-04-02",6582.69,113.23
"2026-04-03",NA,NA
"2026-04-06",6611.83,114.01
"2026-04-07",6616.85,114.58
"2026-04-08",6782.81,96.17
"2026-04-09",6824.66,99.62
"2026-04-10",6816.89,98.34
"2026-04-13",6886.24,100.72
"2026-04-14",6967.38,93.07
"2026-04-15",7022.95,93.04
"2026-04-16",7041.28,96.46
"2026-04-17",7126.06,85.91
"2026-04-20",7109.14,91.06
"2026-04-21",7064.01,93.64
"2026-04-22",7137.9,94.76
"2026-04-23",7108.4,99.27
"2026-04-24",7165.08,98.42
"2026-04-27",7173.91,99.89
"2026-04-28",7138.8,103.45
"2026-04-29",7135.95,110.47
"2026-04-30",7209.01,108.64
"2026-05-01",7230.12,105.38
"2026-05-04",7200.75,109.76
"2026-05-05",7259.22,105.66
"2026-05-06",7365.12,98.75
"2026-05-07",7337.11,98.38
"2026-05-08",7398.93,98.87
"2026-05-11",7412.84,101.56
"2026-05-12",7400.96,105.78
"2026-05-13",7444.25,104.52
"2026-05-14",7501.24,104.66
"2026-05-15",7408.5,108.99
"2026-05-18",7403.05,112.25
"2026-05-19",7353.61,112.09
"2026-05-20",7432.97,101.69
"2026-05-21",7445.72,100.2
"2026-05-22",7473.47,100.35
"2026-05-25",NA,NA
"2026-05-26",7519.12,97.63
"2026-05-27",7520.36,92.35
"2026-05-28",7563.63,92.65
"2026-05-29",7580.06,91.16
"2026-06-01",7599.96,95.96
"2026-06-02",7609.78,97.47
"2026-06-03",7553.68,99.76
"2026-06-04",7584.31,96.83
"2026-06-05",7383.74,94.32
"2026-06-08",7405.73,95
"2026-06-09",7386.65,91.9
"2026-06-10",7266.99,93.68
"2026-06-11",7394.3,91.58
"2026-06-12",7431.46,88.62
"2026-06-15",7554.29,84.65
"2026-06-16",7511.35,79.8
"2026-06-17",7420.1,80.65
"2026-06-18",7500.58,80.35
"2026-06-19",NA,NA
"2026-06-22",7472.79,78.94
"2026-06-23",7365.46,74.62
"2026-06-24",7358.22,71.42
"2026-06-25",7357.49,72.67
"2026-06-26",7354.02,70.3
"2026-06-29",7440.43,71.87
"2026-06-30",7499.36,70.56
"2026-07-01",7483.23,69.74
"2026-07-02",7483.24,69.73
"2026-07-03",NA,NA
"2026-07-06",7537.43,69.6
"2026-07-07",7503.85,71.53
"2026-07-08",7482.71,74.56
"2026-07-09",7543.64,73.15
"2026-07-10",7575.39,72.45
"2026-07-13",7515.34,79.2
"2026-07-14",7543.59,80.44
"2026-07-15",7572.4,80.73
"2026-07-16",7533.77,80.03
"2026-07-17",7457.69,83.43
"2026-07-20",7443.28,84.38
"2026-07-21",7509.2,86.04
"2026-07-22",7498.96,87.66
"2026-07-23",7408.3,93.08
"2026-07-24",7411.98,91.74
"2026-07-27",7413.18,84.25
"2026-07-28",7428.78,80.91
"2026-07-29",7316.15,86.08
"2026-07-30",7437.63,85.15
"2026-07-31",7489.72,86.16
"2026-08-03",7600.5,81.96
"2026-08-04",7736.52,77.33
"2026-08-05",7723.55,76.78
"2026-08-06",7709.96,78.88
"2026-08-07",7757.64,79.77
"2026-08-10",7753.11,83.76
"2026-08-11",7728.2,84.77
"2026-08-12",7748.5,84.97
"2026-08-13",7798.99,82.77
"2026-08-14",7785.76,83.99
"2026-08-17",7745.06,86.04
"2026-08-18",7691.76,86.48
"2026-08-19",7707.98,87.28
"2026-08-20",7641.16,89.75
"2026-08-21",7674.37,87.21
"2026-08-24",7652.86,86.34
"2026-08-25",7677.28,83.9
"2026-08-26",7675.7,83.46
"2026-08-27",7730.99,84.81
"2026-08-28",7711.76,84.57
"2026-08-31",7686.14,87.03
"2026-09-01",7631.47,91.48
"2026-09-02",7666.6,92.15
"2026-09-03",7747.71,92.55
"2026-09-04",7718.6,92.69
"2026-09-07",NA,NA
"2026-09-08",7673.52,94.21
"2026-09-09",7636.36,97.26
"2026-09-10",7591.7,103.57
"2026-09-11",7656.98,101.27
"2026-09-14",7619.98,102.42
"2026-09-15",7585.73,107.02
"2026-09-16",7551.81,103.62
"2026-09-17",7637.76,103.21
"2026-09-18",7650.5,101.44
"2026-09-21",7764.7,96.97
"2026-09-22",7764.64,96.41
