iso3,month,capable_pct,preferred_pct,samples
ARM,2015-01,0.18,0.0,563
ARM,2015-02,0.0,0.0,42958
ARM,2015-03,0.01,0.01,32868
ARM,2015-04,0.01,0.01,75269
ARM,2015-05,0.04,0.02,90337
ARM,2015-06,1.53,0.02,148998
ARM,2015-07,2.39,0.03,234666
ARM,2015-08,2.18,0.04,170696
ARM,2015-09,0.11,0.01,178406
ARM,2015-10,0.04,0.03,673173
ARM,2015-11,0.01,0.01,440832
ARM,2015-12,0.03,0.03,253934
ARM,2016-01,0.02,0.01,997686
ARM,2016-02,0.03,0.02,591070
ARM,2016-03,0.02,0.01,762727
ARM,2016-04,0.02,0.01,1201208
ARM,2016-05,0.01,0.01,857420
ARM,2016-06,0.01,0.0,481073
ARM,2016-07,0.01,0.01,629008
ARM,2016-08,0.01,0.01,640405
ARM,2016-09,0.01,0.01,449275
ARM,2016-10,0.01,0.01,601814
ARM,2016-11,0.02,0.02,666861
ARM,2016-12,0.01,0.01,474921
ARM,2017-01,0.01,0.01,866046
ARM,2017-02,0.01,0.01,370696
ARM,2017-03,0.02,0.01,202971
ARM,2017-04,0.0,0.0,133839
ARM,2017-05,0.0,0.0,108945
ARM,2017-06,0.01,0.01,75451
ARM,2017-07,0.0,0.0,193266
ARM,2017-08,0.0,0.0,147150
ARM,2017-09,0.0,0.0,133630
ARM,2017-10,0.01,0.01,358576
ARM,2017-11,0.01,0.01,327177
ARM,2017-12,0.01,0.01,206812
ARM,2018-01,0.01,0.01,636030
ARM,2018-02,0.0,0.0,150904
ARM,2018-03,0.01,0.01,126428
ARM,2018-04,0.0,0.0,132892
ARM,2018-05,0.0,0.0,334032
ARM,2018-06,0.01,0.0,238517
ARM,2018-07,0.01,0.0,109698
ARM,2018-08,0.01,0.01,153916
ARM,2018-09,0.0,0.0,118823
ARM,2018-10,0.01,0.01,180597
ARM,2018-11,0.02,0.02,244580
ARM,2018-12,0.1,0.1,127054
ARM,2019-01,0.43,0.43,93565
ARM,2019-02,1.14,1.13,94635
ARM,2019-03,1.43,1.4,111575
ARM,2019-04,1.72,1.7,93166
ARM,2019-05,2.08,2.04,80022
ARM,2019-06,1.88,1.86,191869
ARM,2019-07,1.96,1.93,214404
ARM,2019-08,2.42,2.39,196549
ARM,2019-09,3.84,3.78,153877
ARM,2019-10,3.92,3.82,131799
ARM,2019-11,3.92,3.82,161494
ARM,2019-12,5.29,5.25,156519
ARM,2020-01,7.58,7.5,149002
ARM,2020-02,6.82,6.75,154938
ARM,2020-03,7.54,7.48,182552
ARM,2020-04,7.76,7.7,152038
ARM,2020-05,7.99,7.84,131580
ARM,2020-06,8.03,7.69,134310
ARM,2020-07,7.08,7.03,140730
ARM,2020-08,6.11,6.07,170148
ARM,2020-09,6.55,6.51,178334
ARM,2020-10,6.37,6.34,304921
ARM,2020-11,6.58,6.52,308765
ARM,2020-12,5.24,5.21,281080
ARM,2021-01,5.46,5.38,245825
ARM,2021-02,4.74,4.51,258164
ARM,2021-03,5.82,5.8,259156
ARM,2021-04,6.72,6.69,165303
ARM,2021-05,7.45,7.4,119701
ARM,2021-06,7.58,7.51,101282
ARM,2021-07,6.78,6.71,114931
ARM,2021-08,6.91,6.86,157949
ARM,2021-09,6.21,6.18,258492
ARM,2021-10,5.81,5.79,371563
ARM,2021-11,5.53,5.51,392974
ARM,2021-12,5.84,5.79,428724
ARM,2022-01,4.78,4.72,665228
ARM,2022-02,5.45,5.36,272131
ARM,2022-03,2.9,2.8,214560
ARM,2022-04,2.6,2.52,204631
ARM,2022-05,3.41,3.31,170407
ARM,2022-06,3.33,3.25,142922
ARM,2022-07,2.6,2.53,194858
ARM,2022-08,2.94,2.9,338548
ARM,2022-09,3.97,3.86,340634
ARM,2022-10,6.94,6.8,236999
ARM,2022-11,6.55,6.45,216442
ARM,2022-12,3.51,3.47,245851
ARM,2023-01,3.73,3.67,237073
ARM,2023-02,3.38,3.31,371422
ARM,2023-03,3.76,3.68,440479
ARM,2023-04,3.99,3.91,297413
ARM,2023-05,4.32,4.21,383751
ARM,2023-06,3.95,3.86,260806
ARM,2023-07,3.63,3.53,64060
ARM,2023-08,4.35,4.27,180475
ARM,2023-09,3.96,3.87,138705
ARM,2023-10,4.18,4.08,417350
ARM,2023-11,4.91,4.82,393021
ARM,2023-12,4.16,4.07,277088
ARM,2024-01,4.11,4.01,273432
ARM,2024-02,4.88,4.72,303150
ARM,2024-03,3.51,3.35,253072
ARM,2024-04,3.09,2.98,476661
ARM,2024-05,4.53,4.31,607896
ARM,2024-06,5.64,5.52,721717
ARM,2024-07,5.07,4.9,611398
ARM,2024-08,5.56,5.32,678719
ARM,2024-09,4.38,4.28,400449
ARM,2024-10,5.03,4.96,773911
ARM,2024-11,4.82,4.75,658845
ARM,2024-12,6.49,6.27,1008799
ARM,2025-01,6.22,6.0,1196514
ARM,2025-02,6.52,6.23,1300346
ARM,2025-03,7.32,6.09,1310298
ARM,2025-04,7.49,7.33,1240908
ARM,2025-05,7.99,7.82,1143633
ARM,2025-06,7.22,6.98,1067814
ARM,2025-07,7.21,6.99,1121963
ARM,2025-08,7.7,7.41,1289546
ARM,2025-09,8.63,8.41,1208190
ARM,2025-10,8.46,8.24,1246285
ARM,2025-11,8.94,8.74,1249870
ARM,2025-12,8.76,8.49,1544348
ARM,2026-01,8.84,8.73,1679841
ARM,2026-02,8.23,7.97,1597656
ARM,2026-03,8.32,7.91,1638208
ARM,2026-04,8.36,8.05,1232706
ARM,2026-05,8.76,8.47,1157837
ARM,2026-06,9.28,9.09,1026305
ARM,2026-07,8.89,8.59,995686
ARM,2026-08,8.88,8.7,1110778
AZE,2015-01,0.0,0.0,1890
AZE,2015-02,0.0,0.0,55082
AZE,2015-03,0.01,0.01,38427
AZE,2015-04,0.0,0.0,89942
AZE,2015-05,0.0,0.0,124221
AZE,2015-06,0.01,0.0,171226
AZE,2015-07,0.03,0.02,290530
AZE,2015-08,0.02,0.02,248219
AZE,2015-09,0.0,0.0,250291
AZE,2015-10,0.0,0.0,659331
AZE,2015-11,0.0,0.0,729164
AZE,2015-12,0.0,0.0,399592
AZE,2016-01,0.0,0.0,591056
AZE,2016-02,0.0,0.0,385864
AZE,2016-03,0.0,0.0,433001
AZE,2016-04,0.0,0.0,488155
AZE,2016-05,0.0,0.0,719879
AZE,2016-06,0.0,0.0,617348
AZE,2016-07,0.0,0.0,709762
AZE,2016-08,0.0,0.0,565118
AZE,2016-09,0.0,0.0,566094
AZE,2016-10,0.01,0.01,537589
AZE,2016-11,0.0,0.0,572239
AZE,2016-12,0.0,0.0,598612
AZE,2017-01,0.01,0.01,943485
AZE,2017-02,0.01,0.01,527823
AZE,2017-03,0.01,0.01,315021
AZE,2017-04,0.0,0.0,246821
AZE,2017-05,0.0,0.0,114493
AZE,2017-06,0.0,0.0,115543
AZE,2017-07,0.0,0.0,550433
AZE,2017-08,0.0,0.0,467827
AZE,2017-09,0.0,0.0,369697
AZE,2017-10,0.0,0.0,861355
AZE,2017-11,0.0,0.0,584268
AZE,2017-12,0.0,0.0,452255
AZE,2018-01,0.01,0.01,1123642
AZE,2018-02,0.0,0.0,329365
AZE,2018-03,0.0,0.0,367670
AZE,2018-04,0.0,0.0,269000
AZE,2018-05,0.0,0.0,546767
AZE,2018-06,0.0,0.0,752638
AZE,2018-07,0.0,0.0,357034
AZE,2018-08,0.0,0.0,534995
AZE,2018-09,0.0,0.0,271758
AZE,2018-10,0.01,0.01,265273
AZE,2018-11,0.0,0.0,569063
AZE,2018-12,0.0,0.0,343521
AZE,2019-01,0.0,0.0,173468
AZE,2019-02,0.0,0.0,160063
AZE,2019-03,0.0,0.0,162490
AZE,2019-04,0.0,0.0,143732
AZE,2019-05,0.0,0.0,133529
AZE,2019-06,0.0,0.0,650153
AZE,2019-07,0.0,0.0,873997
AZE,2019-08,0.0,0.0,809276
AZE,2019-09,0.0,0.0,738870
AZE,2019-10,0.0,0.0,646303
AZE,2019-11,0.0,0.0,1055643
AZE,2019-12,0.0,0.0,850512
AZE,2020-01,0.0,0.0,737002
AZE,2020-02,0.0,0.0,916540
AZE,2020-03,0.0,0.0,651193
AZE,2020-04,0.01,0.01,575097
AZE,2020-05,0.01,0.01,392410
AZE,2020-06,0.01,0.01,585502
AZE,2020-07,0.0,0.0,640313
AZE,2020-08,0.0,0.0,766004
AZE,2020-09,0.0,0.0,688926
AZE,2020-10,0.24,0.23,519344
AZE,2020-11,0.16,0.15,632444
AZE,2020-12,0.01,0.01,995966
AZE,2021-01,0.01,0.01,763711
AZE,2021-02,0.01,0.01,933960
AZE,2021-03,0.01,0.01,994728
AZE,2021-04,0.01,0.01,680330
AZE,2021-05,0.01,0.01,481183
AZE,2021-06,0.02,0.02,384353
AZE,2021-07,0.02,0.02,343554
AZE,2021-08,0.01,0.01,465380
AZE,2021-09,0.02,0.02,758987
AZE,2021-10,0.02,0.02,1322984
AZE,2021-11,0.02,0.02,1278774
AZE,2021-12,0.02,0.01,1405775
AZE,2022-01,0.01,0.01,2185898
AZE,2022-02,0.01,0.01,695882
AZE,2022-03,0.05,0.04,505423
AZE,2022-04,0.04,0.04,450525
AZE,2022-05,0.07,0.07,373612
AZE,2022-06,0.07,0.07,333044
AZE,2022-07,0.04,0.04,473448
AZE,2022-08,0.04,0.04,1150024
AZE,2022-09,0.23,0.23,1154119
AZE,2022-10,0.66,0.65,662699
AZE,2022-11,0.27,0.27,678090
AZE,2022-12,0.06,0.05,772384
AZE,2023-01,0.06,0.05,570841
AZE,2023-02,0.06,0.06,782165
AZE,2023-03,0.05,0.05,1084399
AZE,2023-04,0.03,0.03,1200999
AZE,2023-05,0.04,0.03,1076657
AZE,2023-06,0.04,0.04,1052615
AZE,2023-07,0.03,0.03,950531
AZE,2023-08,0.03,0.03,906798
AZE,2023-09,0.28,0.27,756493
AZE,2023-10,1.57,1.54,1012149
AZE,2023-11,0.32,0.31,1155375
AZE,2023-12,0.16,0.16,907682
AZE,2024-01,0.13,0.13,882060
AZE,2024-02,0.2,0.19,897235
AZE,2024-03,0.2,0.19,1063611
AZE,2024-04,0.11,0.11,1420069
AZE,2024-05,0.1,0.1,1680324
AZE,2024-06,0.06,0.06,1342358
AZE,2024-07,0.12,0.12,1162206
AZE,2024-08,0.13,0.12,1580531
AZE,2024-09,0.16,0.16,1003124
AZE,2024-10,0.16,0.16,1528511
AZE,2024-11,0.15,0.14,1743570
AZE,2024-12,0.11,0.11,1598242
AZE,2025-01,0.07,0.07,1761319
AZE,2025-02,0.06,0.05,1951413
AZE,2025-03,0.07,0.07,2218394
AZE,2025-04,0.1,0.09,1728219
AZE,2025-05,0.16,0.15,1429890
AZE,2025-06,0.12,0.12,1368086
AZE,2025-07,0.15,0.14,2003999
AZE,2025-08,0.1,0.09,2195818
AZE,2025-09,0.05,0.04,2120927
AZE,2025-10,0.06,0.06,2367196
AZE,2025-11,0.06,0.06,3057479
AZE,2025-12,0.08,0.08,3151813
AZE,2026-01,0.08,0.07,3977725
AZE,2026-02,0.14,0.14,3176937
AZE,2026-03,0.04,0.03,2425266
AZE,2026-04,0.06,0.05,2587966
AZE,2026-05,0.06,0.05,2208454
AZE,2026-06,0.15,0.14,1765121
AZE,2026-07,0.14,0.13,1951412
AZE,2026-08,0.2,0.19,1973152
BLR,2015-01,0.0,0.0,674
BLR,2015-02,0.0,0.0,101053
BLR,2015-03,0.01,0.01,71854
BLR,2015-04,0.0,0.0,134785
BLR,2015-05,0.01,0.01,137738
BLR,2015-06,0.09,0.01,194995
BLR,2015-07,0.12,0.01,318464
BLR,2015-08,0.15,0.03,241397
BLR,2015-09,0.01,0.0,227708
BLR,2015-10,0.0,0.0,693391
BLR,2015-11,0.01,0.0,549858
BLR,2015-12,0.0,0.0,305740
BLR,2016-01,0.0,0.0,824517
BLR,2016-02,0.01,0.0,784108
BLR,2016-03,0.0,0.0,840012
BLR,2016-04,0.02,0.01,928461
BLR,2016-05,0.0,0.0,871557
BLR,2016-06,0.01,0.01,582155
BLR,2016-07,0.0,0.0,450410
BLR,2016-08,0.0,0.0,621940
BLR,2016-09,0.01,0.01,585293
BLR,2016-10,0.01,0.01,988875
BLR,2016-11,0.01,0.0,1435243
BLR,2016-12,0.02,0.02,1470831
BLR,2017-01,0.02,0.01,3449008
BLR,2017-02,0.01,0.01,1419622
BLR,2017-03,0.01,0.01,894570
BLR,2017-04,0.01,0.01,277252
BLR,2017-05,0.0,0.0,131191
BLR,2017-06,0.01,0.01,102486
BLR,2017-07,0.01,0.01,446878
BLR,2017-08,0.0,0.0,278445
BLR,2017-09,0.0,0.0,276242
BLR,2017-10,0.02,0.02,1690611
BLR,2017-11,0.01,0.01,1203025
BLR,2017-12,0.01,0.01,806986
BLR,2018-01,0.02,0.02,1121206
BLR,2018-02,0.03,0.03,295410
BLR,2018-03,0.02,0.02,339644
BLR,2018-04,0.02,0.02,193723
BLR,2018-05,0.03,0.03,618768
BLR,2018-06,0.03,0.03,571939
BLR,2018-07,0.1,0.1,144197
BLR,2018-08,0.08,0.07,193165
BLR,2018-09,0.1,0.09,183025
BLR,2018-10,0.07,0.07,474479
BLR,2018-11,0.06,0.05,599364
BLR,2018-12,0.04,0.04,273972
BLR,2019-01,0.06,0.05,222714
BLR,2019-02,0.03,0.03,253362
BLR,2019-03,0.03,0.02,307922
BLR,2019-04,0.04,0.04,252332
BLR,2019-05,0.03,0.03,233010
BLR,2019-06,0.02,0.01,546834
BLR,2019-07,0.02,0.02,695102
BLR,2019-08,0.02,0.02,678798
BLR,2019-09,0.02,0.01,602581
BLR,2019-10,0.01,0.01,762168
BLR,2019-11,0.01,0.01,937091
BLR,2019-12,0.02,0.02,715140
BLR,2020-01,0.02,0.02,668397
BLR,2020-02,2.56,2.54,748337
BLR,2020-03,6.27,6.25,836549
BLR,2020-04,6.45,6.43,832134
BLR,2020-05,7.71,7.68,757477
BLR,2020-06,8.72,8.69,747453
BLR,2020-07,9.4,9.37,654275
BLR,2020-08,8.48,8.43,820678
BLR,2020-09,9.1,9.05,955992
BLR,2020-10,8.82,8.78,1133718
BLR,2020-11,7.89,7.85,1157464
BLR,2020-12,7.94,7.91,1197104
BLR,2021-01,7.82,7.8,1015609
BLR,2021-02,8.29,8.27,1073968
BLR,2021-03,9.04,9.01,1213366
BLR,2021-04,9.27,9.23,1605861
BLR,2021-05,9.43,9.4,2452348
BLR,2021-06,9.89,9.85,2026280
BLR,2021-07,8.73,8.69,1739889
BLR,2021-08,8.17,8.14,1883526
BLR,2021-09,8.0,7.96,1476218
BLR,2021-10,7.73,7.68,979013
BLR,2021-11,8.23,8.18,845261
BLR,2021-12,8.17,8.1,850026
BLR,2022-01,7.49,7.44,1123323
BLR,2022-02,7.8,7.76,1183740
BLR,2022-03,8.51,8.45,1222359
BLR,2022-04,9.84,9.79,787650
BLR,2022-05,9.72,9.66,225472
BLR,2022-06,10.47,10.35,233976
BLR,2022-07,12.67,12.44,436120
BLR,2022-08,12.87,12.76,1285267
BLR,2022-09,13.17,13.1,1385701
BLR,2022-10,12.96,12.89,793621
BLR,2022-11,12.67,12.6,982863
BLR,2022-12,12.71,12.62,1293493
BLR,2023-01,13.87,13.76,958246
BLR,2023-02,13.6,13.47,1669021
BLR,2023-03,14.22,14.1,1644793
BLR,2023-04,14.1,13.78,1529563
BLR,2023-05,14.35,14.22,1265709
BLR,2023-06,13.32,13.2,1893028
BLR,2023-07,12.98,12.88,1743244
BLR,2023-08,12.83,12.76,1612480
BLR,2023-09,13.62,13.53,1151947
BLR,2023-10,13.52,13.43,1581917
BLR,2023-11,13.06,12.97,1561830
BLR,2023-12,13.54,13.45,1228756
BLR,2024-01,13.47,13.39,1150478
BLR,2024-02,13.89,13.78,1353352
BLR,2024-03,13.68,13.57,1527315
BLR,2024-04,14.56,14.45,2168951
BLR,2024-05,14.14,13.99,2643845
BLR,2024-06,14.88,14.75,2384683
BLR,2024-07,12.51,12.33,1862700
BLR,2024-08,11.83,11.57,2203799
BLR,2024-09,12.94,12.49,1713088
BLR,2024-10,13.11,12.84,2888470
BLR,2024-11,13.51,13.17,2135848
BLR,2024-12,15.72,15.27,2482541
BLR,2025-01,14.19,13.81,2491957
BLR,2025-02,14.81,14.3,3341373
BLR,2025-03,14.74,11.7,3986006
BLR,2025-04,14.22,13.75,3376636
BLR,2025-05,14.18,13.79,3508062
BLR,2025-06,13.81,13.54,3527021
BLR,2025-07,14.06,13.55,3599868
BLR,2025-08,14.24,13.68,4139004
BLR,2025-09,14.82,14.29,3968677
BLR,2025-10,14.25,13.78,4552825
BLR,2025-11,13.74,13.56,4482006
BLR,2025-12,13.47,13.32,5267098
BLR,2026-01,12.55,12.39,4972403
BLR,2026-02,11.76,11.62,4690762
BLR,2026-03,13.36,13.09,4469287
BLR,2026-04,13.29,13.08,4456141
BLR,2026-05,13.86,13.62,3986206
BLR,2026-06,14.31,14.1,2893049
BLR,2026-07,14.12,13.84,3422862
BLR,2026-08,14.41,14.09,3374734
GEO,2015-01,0.0,0.0,8114
GEO,2015-02,0.0,0.0,87817
GEO,2015-03,0.02,0.02,53673
GEO,2015-04,0.28,0.0,123764
GEO,2015-05,0.3,0.0,158973
GEO,2015-06,0.31,0.01,216446
GEO,2015-07,0.24,0.02,500854
GEO,2015-08,0.56,0.02,523540
GEO,2015-09,0.03,0.0,746622
GEO,2015-10,0.01,0.0,2279010
GEO,2015-11,0.01,0.0,953847
GEO,2015-12,0.02,0.0,278688
GEO,2016-01,0.01,0.0,1010247
GEO,2016-02,0.01,0.0,732172
GEO,2016-03,0.02,0.0,873393
GEO,2016-04,0.01,0.0,852475
GEO,2016-05,0.01,0.0,928438
GEO,2016-06,0.0,0.0,901907
GEO,2016-07,0.0,0.0,773609
GEO,2016-08,0.0,0.0,499447
GEO,2016-09,0.0,0.0,542410
GEO,2016-10,0.0,0.0,689773
GEO,2016-11,0.0,0.0,631992
GEO,2016-12,0.0,0.0,500108
GEO,2017-01,0.01,0.0,920423
GEO,2017-02,0.0,0.0,557601
GEO,2017-03,0.0,0.0,403705
GEO,2017-04,0.0,0.0,254626
GEO,2017-05,0.0,0.0,91564
GEO,2017-06,0.0,0.0,92298
GEO,2017-07,0.0,0.0,286707
GEO,2017-08,0.01,0.0,211768
GEO,2017-09,0.0,0.0,222153
GEO,2017-10,0.01,0.0,451536
GEO,2017-11,0.01,0.01,326150
GEO,2017-12,0.01,0.01,71322
GEO,2018-01,0.01,0.01,382067
GEO,2018-02,0.0,0.0,167945
GEO,2018-03,0.0,0.0,289297
GEO,2018-04,0.0,0.0,582693
GEO,2018-05,0.0,0.0,1531856
GEO,2018-06,0.0,0.0,1644557
GEO,2018-07,0.0,0.0,1258288
GEO,2018-08,0.0,0.0,1084338
GEO,2018-09,0.02,0.0,518266
GEO,2018-10,0.01,0.01,283959
GEO,2018-11,0.0,0.0,366505
GEO,2018-12,0.0,0.0,232887
GEO,2019-01,0.0,0.0,134940
GEO,2019-02,0.0,0.0,120577
GEO,2019-03,0.0,0.0,126349
GEO,2019-04,0.01,0.01,119287
GEO,2019-05,0.01,0.0,100897
GEO,2019-06,0.01,0.01,296069
GEO,2019-07,0.02,0.02,355497
GEO,2019-08,0.01,0.01,384648
GEO,2019-09,0.02,0.02,323323
GEO,2019-10,0.02,0.02,250021
GEO,2019-11,0.01,0.01,252451
GEO,2019-12,0.01,0.01,193896
GEO,2020-01,0.01,0.01,186844
GEO,2020-02,0.02,0.02,199115
GEO,2020-03,0.01,0.01,185117
GEO,2020-04,0.01,0.01,187036
GEO,2020-05,0.0,0.0,195708
GEO,2020-06,0.01,0.01,187324
GEO,2020-07,0.01,0.01,143477
GEO,2020-08,0.01,0.01,170741
GEO,2020-09,0.01,0.01,167128
GEO,2020-10,0.01,0.01,220455
GEO,2020-11,0.01,0.01,275006
GEO,2020-12,0.01,0.01,295030
GEO,2021-01,0.01,0.01,293188
GEO,2021-02,0.02,0.02,346456
GEO,2021-03,0.02,0.02,345971
GEO,2021-04,0.02,0.02,283956
GEO,2021-05,0.02,0.02,305331
GEO,2021-06,0.02,0.02,247670
GEO,2021-07,0.02,0.02,276555
GEO,2021-08,0.02,0.02,294709
GEO,2021-09,0.02,0.02,413695
GEO,2021-10,0.03,0.03,469429
GEO,2021-11,0.02,0.02,561545
GEO,2021-12,0.06,0.06,538137
GEO,2022-01,0.36,0.23,954040
GEO,2022-02,4.24,3.95,956786
GEO,2022-03,11.31,10.39,1114345
GEO,2022-04,11.2,10.08,1265703
GEO,2022-05,10.57,9.49,1252767
GEO,2022-06,10.56,9.46,1020703
GEO,2022-07,11.18,10.14,845108
GEO,2022-08,10.36,9.99,1047864
GEO,2022-09,10.12,9.9,807901
GEO,2022-10,11.05,10.92,909445
GEO,2022-11,12.08,12.0,999218
GEO,2022-12,12.61,12.53,756396
GEO,2023-01,16.0,15.86,647592
GEO,2023-02,13.31,13.21,777970
GEO,2023-03,14.42,14.32,758280
GEO,2023-04,14.15,13.95,747653
GEO,2023-05,13.78,13.53,744005
GEO,2023-06,14.08,13.88,710284
GEO,2023-07,14.31,14.06,659525
GEO,2023-08,14.71,14.43,628342
GEO,2023-09,13.26,12.89,446862
GEO,2023-10,13.67,13.39,557989
GEO,2023-11,14.54,14.39,516663
GEO,2023-12,15.15,14.95,422858
GEO,2024-01,15.99,15.65,520645
GEO,2024-02,14.96,14.63,497954
GEO,2024-03,14.91,14.48,552091
GEO,2024-04,13.66,13.3,628528
GEO,2024-05,13.91,13.4,678272
GEO,2024-06,13.98,13.76,725778
GEO,2024-07,10.89,10.37,847625
GEO,2024-08,12.16,11.46,940336
GEO,2024-09,11.43,10.93,765461
GEO,2024-10,12.35,12.09,1111567
GEO,2024-11,12.62,12.07,1538006
GEO,2024-12,14.83,13.87,1566870
GEO,2025-01,15.98,14.83,1853190
GEO,2025-02,13.94,13.08,867646
GEO,2025-03,12.75,10.44,1095225
GEO,2025-04,12.73,12.4,1126534
GEO,2025-05,13.8,13.47,1021603
GEO,2025-06,13.16,12.71,1034348
GEO,2025-07,13.35,12.96,1115679
GEO,2025-08,13.36,12.97,1180825
GEO,2025-09,13.26,12.94,1263222
GEO,2025-10,13.59,13.23,1136545
GEO,2025-11,13.28,12.96,1069624
GEO,2025-12,13.58,11.86,1276464
GEO,2026-01,13.42,12.0,1691814
GEO,2026-02,12.85,12.44,1533525
GEO,2026-03,12.25,11.59,1548930
GEO,2026-04,12.21,11.76,1242328
GEO,2026-05,12.08,11.7,1411381
GEO,2026-06,12.31,12.04,940037
GEO,2026-07,13.22,12.8,1012045
GEO,2026-08,13.13,12.8,1194016
KAZ,2015-01,0.0,0.0,3214
KAZ,2015-02,0.0,0.0,94708
KAZ,2015-03,0.0,0.0,64184
KAZ,2015-04,0.0,0.0,123235
KAZ,2015-05,0.0,0.0,131978
KAZ,2015-06,0.23,0.01,141529
KAZ,2015-07,0.37,0.02,198547
KAZ,2015-08,0.28,0.03,282278
KAZ,2015-09,0.02,0.0,213871
KAZ,2015-10,0.0,0.0,674478
KAZ,2015-11,0.0,0.0,778163
KAZ,2015-12,0.0,0.0,304442
KAZ,2016-01,0.01,0.0,680183
KAZ,2016-02,0.0,0.0,628990
KAZ,2016-03,0.0,0.0,1265603
KAZ,2016-04,0.02,0.0,1145463
KAZ,2016-05,0.31,0.0,907828
KAZ,2016-06,0.0,0.0,865532
KAZ,2016-07,0.0,0.0,1019766
KAZ,2016-08,0.0,0.0,790823
KAZ,2016-09,0.0,0.0,978000
KAZ,2016-10,0.01,0.01,1902245
KAZ,2016-11,0.01,0.01,1188783
KAZ,2016-12,0.0,0.0,697441
KAZ,2017-01,0.01,0.01,1699847
KAZ,2017-02,0.01,0.0,690449
KAZ,2017-03,0.03,0.01,377385
KAZ,2017-04,0.0,0.0,266096
KAZ,2017-05,0.02,0.01,136819
KAZ,2017-06,0.01,0.0,167069
KAZ,2017-07,0.01,0.0,369396
KAZ,2017-08,0.01,0.0,512491
KAZ,2017-09,0.01,0.0,1455158
KAZ,2017-10,0.01,0.01,5474277
KAZ,2017-11,0.01,0.01,2512623
KAZ,2017-12,0.01,0.01,1055399
KAZ,2018-01,0.01,0.01,2409034
KAZ,2018-02,0.0,0.0,461101
KAZ,2018-03,0.0,0.0,405982
KAZ,2018-04,0.0,0.0,244316
KAZ,2018-05,0.01,0.0,414527
KAZ,2018-06,0.01,0.01,235753
KAZ,2018-07,0.02,0.01,145173
KAZ,2018-08,0.02,0.01,240783
KAZ,2018-09,0.01,0.01,161385
KAZ,2018-10,0.01,0.01,770135
KAZ,2018-11,0.01,0.01,1112757
KAZ,2018-12,0.01,0.0,566517
KAZ,2019-01,0.01,0.01,345392
KAZ,2019-02,0.01,0.0,355009
KAZ,2019-03,0.0,0.0,481133
KAZ,2019-04,0.01,0.01,436998
KAZ,2019-05,0.0,0.0,375122
KAZ,2019-06,0.01,0.01,1042203
KAZ,2019-07,0.01,0.01,1159785
KAZ,2019-08,0.01,0.01,1250564
KAZ,2019-09,0.01,0.01,1222624
KAZ,2019-10,0.01,0.01,1115948
KAZ,2019-11,0.01,0.01,1116133
KAZ,2019-12,0.01,0.01,1020343
KAZ,2020-01,0.01,0.01,1023079
KAZ,2020-02,0.02,0.02,984243
KAZ,2020-03,0.02,0.02,968535
KAZ,2020-04,0.01,0.01,1062895
KAZ,2020-05,0.01,0.01,891943
KAZ,2020-06,0.01,0.01,913585
KAZ,2020-07,0.01,0.01,1122079
KAZ,2020-08,0.01,0.01,1206719
KAZ,2020-09,0.01,0.01,1326363
KAZ,2020-10,0.01,0.01,1669753
KAZ,2020-11,0.01,0.01,1621937
KAZ,2020-12,0.0,0.0,1581611
KAZ,2021-01,0.01,0.01,1385659
KAZ,2021-02,0.01,0.01,1791362
KAZ,2021-03,0.01,0.01,1931509
KAZ,2021-04,0.01,0.01,1390496
KAZ,2021-05,0.02,0.02,636445
KAZ,2021-06,0.04,0.04,302418
KAZ,2021-07,0.48,0.48,335272
KAZ,2021-08,1.98,1.96,325182
KAZ,2021-09,4.74,4.71,330288
KAZ,2021-10,4.94,4.91,329323
KAZ,2021-11,4.6,4.59,483444
KAZ,2021-12,4.83,4.81,422116
KAZ,2022-01,4.28,4.24,698281
KAZ,2022-02,4.03,4.0,642702
KAZ,2022-03,4.17,4.13,658939
KAZ,2022-04,7.32,7.24,501287
KAZ,2022-05,7.54,7.45,287361
KAZ,2022-06,7.53,7.44,258861
KAZ,2022-07,8.0,7.9,627563
KAZ,2022-08,8.38,8.31,1589253
KAZ,2022-09,9.04,8.9,1686476
KAZ,2022-10,8.45,8.32,1112105
KAZ,2022-11,8.41,8.34,1359733
KAZ,2022-12,7.82,7.77,1659198
KAZ,2023-01,9.67,9.57,1370302
KAZ,2023-02,9.03,8.93,1984785
KAZ,2023-03,10.42,10.32,2531325
KAZ,2023-04,11.19,11.03,2697129
KAZ,2023-05,11.33,11.1,2292171
KAZ,2023-06,11.29,11.09,2604405
KAZ,2023-07,11.63,11.42,2449864
KAZ,2023-08,12.71,12.51,2821492
KAZ,2023-09,13.03,12.66,1927205
KAZ,2023-10,13.46,13.11,2410368
KAZ,2023-11,14.4,14.21,2355568
KAZ,2023-12,14.78,14.53,1796252
KAZ,2024-01,15.68,15.3,1960318
KAZ,2024-02,15.21,14.74,2232957
KAZ,2024-03,15.41,14.92,2597875
KAZ,2024-04,16.37,15.82,3460897
KAZ,2024-05,16.55,15.55,4182396
KAZ,2024-06,17.51,17.16,4318163
KAZ,2024-07,14.86,14.31,4056989
KAZ,2024-08,14.76,14.06,3957380
KAZ,2024-09,14.57,13.84,3015117
KAZ,2024-10,17.11,16.6,4881536
KAZ,2024-11,18.02,16.86,4741490
KAZ,2024-12,22.04,18.64,7138214
KAZ,2025-01,22.45,18.4,6405534
KAZ,2025-02,23.06,18.61,7201797
KAZ,2025-03,22.11,16.62,8372455
KAZ,2025-04,21.67,20.1,5576183
KAZ,2025-05,21.65,19.67,5860185
KAZ,2025-06,21.95,20.21,5944982
KAZ,2025-07,22.68,21.27,5216417
KAZ,2025-08,23.28,21.58,7222553
KAZ,2025-09,24.22,23.11,7000923
KAZ,2025-10,24.74,23.81,8104227
KAZ,2025-11,24.98,24.25,9031806
KAZ,2025-12,25.07,24.15,9393172
KAZ,2026-01,24.86,24.63,10106720
KAZ,2026-02,24.96,24.04,9434888
KAZ,2026-03,25.3,23.42,8694427
KAZ,2026-04,26.59,24.91,7993200
KAZ,2026-05,26.55,25.01,7750503
KAZ,2026-06,26.54,24.8,5892213
KAZ,2026-07,26.68,24.28,7208613
KAZ,2026-08,27.65,25.82,7417379
KGZ,2015-01,0.0,0.0,2202
KGZ,2015-02,0.0,0.0,15534
KGZ,2015-03,0.02,0.02,11097
KGZ,2015-04,0.04,0.0,21581
KGZ,2015-05,0.06,0.0,24724
KGZ,2015-06,0.59,0.02,35646
KGZ,2015-07,0.77,0.02,48454
KGZ,2015-08,0.54,0.02,54139
KGZ,2015-09,0.03,0.0,45048
KGZ,2015-10,0.01,0.01,127707
KGZ,2015-11,0.01,0.01,129519
KGZ,2015-12,0.0,0.0,70882
KGZ,2016-01,0.0,0.0,112708
KGZ,2016-02,0.02,0.0,136512
KGZ,2016-03,0.0,0.0,128041
KGZ,2016-04,0.01,0.0,133414
KGZ,2016-05,0.01,0.0,167833
KGZ,2016-06,0.0,0.0,118455
KGZ,2016-07,0.0,0.0,189874
KGZ,2016-08,0.01,0.0,189031
KGZ,2016-09,0.01,0.0,361992
KGZ,2016-10,0.01,0.0,537044
KGZ,2016-11,0.01,0.0,747610
KGZ,2016-12,0.02,0.0,370488
KGZ,2017-01,0.01,0.01,752796
KGZ,2017-02,0.03,0.01,129789
KGZ,2017-03,0.03,0.0,129119
KGZ,2017-04,0.03,0.0,68400
KGZ,2017-05,0.0,0.0,32530
KGZ,2017-06,0.01,0.0,28314
KGZ,2017-07,0.0,0.0,78846
KGZ,2017-08,0.0,0.0,64897
KGZ,2017-09,0.0,0.0,76313
KGZ,2017-10,0.01,0.01,204689
KGZ,2017-11,0.0,0.0,108538
KGZ,2017-12,0.01,0.01,62540
KGZ,2018-01,0.01,0.01,296367
KGZ,2018-02,0.0,0.0,52924
KGZ,2018-03,0.0,0.0,53809
KGZ,2018-04,0.0,0.0,72081
KGZ,2018-05,0.0,0.0,138027
KGZ,2018-06,0.0,0.0,156618
KGZ,2018-07,0.0,0.0,57878
KGZ,2018-08,0.0,0.0,48629
KGZ,2018-09,0.0,0.0,28792
KGZ,2018-10,0.01,0.01,96656
KGZ,2018-11,0.01,0.01,260094
KGZ,2018-12,0.0,0.0,126431
KGZ,2019-01,0.02,0.01,37876
KGZ,2019-02,0.02,0.02,46673
KGZ,2019-03,0.01,0.0,63040
KGZ,2019-04,0.01,0.0,56342
KGZ,2019-05,0.01,0.0,57680
KGZ,2019-06,0.0,0.0,315192
KGZ,2019-07,0.01,0.0,234698
KGZ,2019-08,0.0,0.0,195654
KGZ,2019-09,0.0,0.0,200151
KGZ,2019-10,0.01,0.0,167721
KGZ,2019-11,0.01,0.0,229568
KGZ,2019-12,0.0,0.0,261974
KGZ,2020-01,0.0,0.0,262737
KGZ,2020-02,0.01,0.01,300532
KGZ,2020-03,0.01,0.01,207514
KGZ,2020-04,0.01,0.01,187994
KGZ,2020-05,0.01,0.01,163116
KGZ,2020-06,0.01,0.01,158661
KGZ,2020-07,0.0,0.0,172619
KGZ,2020-08,0.01,0.01,198040
KGZ,2020-09,0.0,0.0,195282
KGZ,2020-10,0.0,0.0,318935
KGZ,2020-11,0.01,0.01,353296
KGZ,2020-12,0.01,0.01,442245
KGZ,2021-01,0.01,0.01,343073
KGZ,2021-02,0.01,0.01,477576
KGZ,2021-03,0.01,0.01,490583
KGZ,2021-04,0.0,0.0,262064
KGZ,2021-05,0.01,0.01,137011
KGZ,2021-06,0.02,0.02,83932
KGZ,2021-07,0.01,0.01,90116
KGZ,2021-08,0.02,0.02,94928
KGZ,2021-09,0.02,0.02,91476
KGZ,2021-10,0.02,0.02,121757
KGZ,2021-11,0.03,0.03,160242
KGZ,2021-12,0.07,0.07,162414
KGZ,2022-01,0.06,0.06,202850
KGZ,2022-02,0.05,0.05,185840
KGZ,2022-03,0.21,0.21,172925
KGZ,2022-04,0.12,0.12,139405
KGZ,2022-05,0.2,0.2,90923
KGZ,2022-06,0.17,0.16,83804
KGZ,2022-07,0.05,0.05,151667
KGZ,2022-08,0.06,0.05,406535
KGZ,2022-09,0.09,0.09,429804
KGZ,2022-10,0.09,0.09,306293
KGZ,2022-11,0.05,0.05,301115
KGZ,2022-12,0.05,0.04,259386
KGZ,2023-01,0.04,0.04,326877
KGZ,2023-02,0.05,0.04,489509
KGZ,2023-03,0.04,0.03,571943
KGZ,2023-04,0.03,0.03,560490
KGZ,2023-05,0.04,0.03,560980
KGZ,2023-06,0.03,0.03,631850
KGZ,2023-07,0.03,0.03,573187
KGZ,2023-08,0.03,0.02,639806
KGZ,2023-09,0.03,0.03,505494
KGZ,2023-10,0.04,0.04,594112
KGZ,2023-11,0.04,0.04,495072
KGZ,2023-12,0.04,0.03,394481
KGZ,2024-01,0.03,0.03,429053
KGZ,2024-02,0.03,0.03,502669
KGZ,2024-03,0.03,0.03,693445
KGZ,2024-04,0.55,0.54,919212
KGZ,2024-05,2.22,2.18,1244604
KGZ,2024-06,3.35,3.33,1248023
KGZ,2024-07,3.82,3.69,996926
KGZ,2024-08,3.68,3.56,1052068
KGZ,2024-09,3.0,2.94,759353
KGZ,2024-10,1.9,1.86,1199851
KGZ,2024-11,2.78,2.71,1141482
KGZ,2024-12,4.22,4.09,1436250
KGZ,2025-01,4.12,3.94,1625520
KGZ,2025-02,3.64,3.46,1505562
KGZ,2025-03,3.24,2.69,1849497
KGZ,2025-04,2.77,2.66,1274795
KGZ,2025-05,3.39,3.24,1115234
KGZ,2025-06,3.43,3.21,1263562
KGZ,2025-07,3.66,3.48,1251902
KGZ,2025-08,3.36,3.17,1520556
KGZ,2025-09,3.21,3.04,1409077
KGZ,2025-10,3.26,3.09,1431472
KGZ,2025-11,3.23,3.11,2026475
KGZ,2025-12,3.25,3.12,2275325
KGZ,2026-01,3.36,3.27,2491916
KGZ,2026-02,3.08,2.92,1928146
KGZ,2026-03,0.34,0.28,1892863
KGZ,2026-04,0.36,0.27,1573031
KGZ,2026-05,0.41,0.3,1480625
KGZ,2026-06,0.35,0.27,1165160
KGZ,2026-07,0.35,0.29,1229565
KGZ,2026-08,1.02,0.96,1291628
MDA,2015-02,0.02,0.04,50082
MDA,2015-03,0.01,0.03,38384
MDA,2015-04,0.16,0.07,48138
MDA,2015-05,0.2,0.11,46153
MDA,2015-06,0.66,0.06,113344
MDA,2015-07,0.74,0.04,236278
MDA,2015-08,0.73,0.03,213632
MDA,2015-09,0.12,0.09,256507
MDA,2015-10,0.24,0.22,816259
MDA,2015-11,0.25,0.22,500167
MDA,2015-12,0.06,0.03,260949
MDA,2016-01,0.12,0.1,718930
MDA,2016-02,0.21,0.16,603151
MDA,2016-03,0.24,0.19,742708
MDA,2016-04,0.37,0.35,819235
MDA,2016-05,0.55,0.52,680028
MDA,2016-06,0.3,0.28,688582
MDA,2016-07,0.37,0.36,589662
MDA,2016-08,0.3,0.29,530609
MDA,2016-09,0.21,0.18,377173
MDA,2016-10,0.46,0.44,301467
MDA,2016-11,0.27,0.23,565107
MDA,2016-12,0.22,0.2,529448
MDA,2017-01,0.17,0.16,1046260
MDA,2017-02,0.23,0.21,535443
MDA,2017-03,0.41,0.39,295902
MDA,2017-04,0.32,0.29,156990
MDA,2017-05,1.1,1.05,66398
MDA,2017-06,0.83,0.63,40600
MDA,2017-07,0.48,0.43,185398
MDA,2017-08,0.34,0.3,158703
MDA,2017-09,1.03,0.96,106489
MDA,2017-10,0.69,0.63,409521
MDA,2017-11,0.87,0.81,382749
MDA,2017-12,1.05,1.0,234653
MDA,2018-01,1.13,1.06,453627
MDA,2018-02,1.21,1.09,93927
MDA,2018-03,0.66,0.56,88741
MDA,2018-04,0.19,0.14,67983
MDA,2018-05,0.04,0.03,161054
MDA,2018-06,0.05,0.02,112459
MDA,2018-07,0.11,0.02,72575
MDA,2018-08,0.13,0.08,95780
MDA,2018-09,0.14,0.07,82445
MDA,2018-10,1.42,1.24,118130
MDA,2018-11,1.39,1.22,160991
MDA,2018-12,1.06,0.99,101505
MDA,2019-01,1.33,1.23,85888
MDA,2019-02,1.83,1.69,64808
MDA,2019-03,2.12,1.99,77466
MDA,2019-04,1.99,1.84,68514
MDA,2019-05,1.96,1.89,67899
MDA,2019-06,2.41,2.34,144709
MDA,2019-07,3.11,3.05,150549
MDA,2019-08,4.15,4.08,160219
MDA,2019-09,4.37,4.3,117258
MDA,2019-10,5.01,4.95,124720
MDA,2019-11,4.94,4.89,182880
MDA,2019-12,5.67,5.61,147342
MDA,2020-01,5.96,5.91,153329
MDA,2020-02,6.7,6.66,174179
MDA,2020-03,6.54,6.49,273069
MDA,2020-04,6.87,6.79,229878
MDA,2020-05,7.62,7.55,177685
MDA,2020-06,8.05,7.97,173001
MDA,2020-07,8.34,8.24,133035
MDA,2020-08,8.31,8.26,158295
MDA,2020-09,9.47,9.41,183559
MDA,2020-10,9.7,9.6,167464
MDA,2020-11,9.64,9.46,170191
MDA,2020-12,10.02,9.81,197327
MDA,2021-01,9.62,9.48,190918
MDA,2021-02,9.53,9.44,210701
MDA,2021-03,9.23,9.11,291062
MDA,2021-04,10.27,10.11,207895
MDA,2021-05,9.88,9.67,204629
MDA,2021-06,9.68,9.42,158875
MDA,2021-07,8.9,8.72,214236
MDA,2021-08,8.9,8.76,200592
MDA,2021-09,10.0,9.91,278290
MDA,2021-10,9.6,9.53,382022
MDA,2021-11,9.19,9.12,387812
MDA,2021-12,8.18,8.13,461036
MDA,2022-01,8.3,8.27,707909
MDA,2022-02,9.31,9.26,445381
MDA,2022-03,8.96,8.86,394836
MDA,2022-04,9.18,9.06,223135
MDA,2022-05,9.57,9.36,107489
MDA,2022-06,10.05,9.84,92978
MDA,2022-07,10.17,10.05,150027
MDA,2022-08,10.39,10.31,305232
MDA,2022-09,11.2,11.11,295464
MDA,2022-10,11.76,11.69,183962
MDA,2022-11,11.12,11.06,240321
MDA,2022-12,11.08,11.03,312147
MDA,2023-01,12.15,12.06,295343
MDA,2023-02,11.82,11.75,456042
MDA,2023-03,11.75,11.7,439476
MDA,2023-04,11.01,10.77,439731
MDA,2023-05,11.43,11.4,356425
MDA,2023-06,11.68,11.64,450151
MDA,2023-07,12.31,12.28,388261
MDA,2023-08,12.81,12.78,417280
MDA,2023-09,13.82,13.79,285130
MDA,2023-10,14.02,14.0,343415
MDA,2023-11,12.99,12.97,313477
MDA,2023-12,13.38,13.33,289731
MDA,2024-01,12.72,12.7,236930
MDA,2024-02,13.17,13.14,215416
MDA,2024-03,13.88,13.85,315321
MDA,2024-04,14.01,13.78,388854
MDA,2024-05,16.1,15.96,455313
MDA,2024-06,16.05,16.01,434440
MDA,2024-07,13.6,13.56,445864
MDA,2024-08,13.24,13.18,474867
MDA,2024-09,15.35,15.1,313197
MDA,2024-10,14.86,14.81,447399
MDA,2024-11,14.67,14.62,437666
MDA,2024-12,14.62,14.57,616968
MDA,2025-01,15.2,15.13,705870
MDA,2025-02,16.49,16.15,946681
MDA,2025-03,16.4,13.12,863161
MDA,2025-04,16.45,16.08,534056
MDA,2025-05,18.05,17.69,484773
MDA,2025-06,18.7,18.47,510509
MDA,2025-07,18.56,17.92,685572
MDA,2025-08,18.0,17.36,815427
MDA,2025-09,17.67,17.11,826314
MDA,2025-10,16.53,16.07,1076969
MDA,2025-11,16.15,15.98,1158364
MDA,2025-12,17.22,17.04,1404228
MDA,2026-01,17.48,17.26,1491359
MDA,2026-02,17.26,17.11,1512171
MDA,2026-03,17.76,17.55,1201609
MDA,2026-04,16.98,16.82,1147979
MDA,2026-05,17.54,17.46,1103856
MDA,2026-06,18.93,18.88,831854
MDA,2026-07,18.89,18.83,900791
MDA,2026-08,19.39,19.33,899063
RUS,2015-01,0.13,0.09,15052
RUS,2015-02,0.48,0.46,742869
RUS,2015-03,0.47,0.45,543048
RUS,2015-04,0.6,0.46,1053921
RUS,2015-05,0.63,0.49,1117556
RUS,2015-06,1.01,0.45,1143000
RUS,2015-07,1.63,0.64,1938631
RUS,2015-08,1.59,0.75,1833553
RUS,2015-09,1.03,0.8,2027904
RUS,2015-10,1.19,0.97,4451553
RUS,2015-11,1.41,1.01,3530183
RUS,2015-12,2.14,1.4,1685596
RUS,2016-01,1.51,0.96,4546213
RUS,2016-02,1.4,0.95,4822059
RUS,2016-03,1.58,1.15,5495446
RUS,2016-04,1.37,0.88,6243330
RUS,2016-05,1.16,0.8,5739928
RUS,2016-06,1.11,1.08,4052112
RUS,2016-07,1.65,1.62,2754685
RUS,2016-08,1.69,1.65,2800047
RUS,2016-09,2.24,2.16,2634747
RUS,2016-10,2.22,2.18,3194908
RUS,2016-11,1.46,1.39,3307921
RUS,2016-12,1.51,1.47,4826289
RUS,2017-01,1.36,1.34,14219374
RUS,2017-02,1.08,1.06,8633403
RUS,2017-03,1.02,1.0,4899284
RUS,2017-04,0.81,0.77,1794324
RUS,2017-05,1.5,1.42,880586
RUS,2017-06,0.95,0.9,942432
RUS,2017-07,0.66,0.65,9142525
RUS,2017-08,0.57,0.56,6158364
RUS,2017-09,0.77,0.73,5199516
RUS,2017-10,1.09,1.05,16316352
RUS,2017-11,1.14,1.09,11854456
RUS,2017-12,0.97,0.93,7620043
RUS,2018-01,1.13,1.05,9190759
RUS,2018-02,1.25,1.15,1996746
RUS,2018-03,1.56,1.43,1942039
RUS,2018-04,1.88,1.67,1374069
RUS,2018-05,1.94,1.71,1913407
RUS,2018-06,1.52,1.36,1021484
RUS,2018-07,1.69,1.35,1044970
RUS,2018-08,2.62,2.23,1340904
RUS,2018-09,3.43,3.08,957500
RUS,2018-10,2.49,2.21,2674942
RUS,2018-11,2.76,2.51,2953217
RUS,2018-12,2.88,2.71,1715442
RUS,2019-01,3.33,3.16,1699964
RUS,2019-02,4.33,4.19,3950625
RUS,2019-03,4.77,4.61,4723409
RUS,2019-04,5.24,5.05,3554317
RUS,2019-05,5.48,5.19,3054353
RUS,2019-06,5.79,5.67,6235179
RUS,2019-07,5.82,5.68,6675153
RUS,2019-08,6.03,5.86,5991624
RUS,2019-09,6.98,6.8,5667470
RUS,2019-10,7.46,7.26,5892976
RUS,2019-11,7.57,7.4,6904054
RUS,2019-12,7.79,7.65,7435459
RUS,2020-01,7.78,7.63,7008252
RUS,2020-02,7.89,7.74,6509296
RUS,2020-03,7.41,7.25,6693885
RUS,2020-04,6.62,6.48,8528041
RUS,2020-05,7.08,6.94,7056802
RUS,2020-06,7.37,7.23,6267625
RUS,2020-07,8.11,7.95,5834670
RUS,2020-08,8.98,8.81,6657396
RUS,2020-09,9.14,8.98,7078137
RUS,2020-10,8.8,8.65,8100165
RUS,2020-11,9.08,8.91,7616926
RUS,2020-12,9.82,9.63,7547730
RUS,2021-01,9.9,9.74,8240272
RUS,2021-02,10.79,10.62,9248906
RUS,2021-03,11.18,10.99,9794234
RUS,2021-04,11.71,11.51,6185396
RUS,2021-05,10.35,10.12,3395633
RUS,2021-06,9.03,8.77,1625271
RUS,2021-07,8.71,8.5,1617737
RUS,2021-08,9.44,9.22,1579990
RUS,2021-09,9.82,9.59,1856747
RUS,2021-10,9.62,9.36,1640129
RUS,2021-11,9.73,9.47,2439330
RUS,2021-12,9.65,9.37,2089809
RUS,2022-01,9.21,9.02,3541000
RUS,2022-02,9.7,9.49,3624394
RUS,2022-03,4.64,4.13,308460
RUS,2022-04,3.0,2.23,141646
RUS,2022-05,5.29,3.85,64854
RUS,2022-06,5.32,4.1,61059
RUS,2022-07,3.92,3.02,98125
RUS,2022-08,2.84,2.13,129414
RUS,2022-09,3.85,3.15,108220
RUS,2022-10,6.44,5.65,49064
RUS,2022-11,5.6,4.91,47361
RUS,2022-12,5.73,3.8,63368
RUS,2023-01,6.44,4.08,51029
RUS,2023-02,6.89,4.37,73653
RUS,2023-03,5.73,5.06,60794
RUS,2023-04,6.2,4.68,69730
RUS,2023-05,6.19,4.53,78012
RUS,2023-06,8.64,7.09,94798
RUS,2023-07,10.86,9.4,88128
RUS,2023-08,7.94,6.51,86957
RUS,2023-09,11.93,9.6,49685
RUS,2023-10,11.33,8.97,64153
RUS,2023-11,11.52,9.79,62051
RUS,2023-12,6.84,5.51,85273
RUS,2024-01,7.67,6.05,88603
RUS,2024-02,5.18,4.17,71111
RUS,2024-03,4.45,3.52,87592
RUS,2024-04,6.92,6.11,84846
RUS,2024-05,7.48,6.0,91624
RUS,2024-06,10.07,8.19,89487
RUS,2024-07,13.6,9.9,102284
RUS,2024-08,8.28,6.63,129456
RUS,2024-09,7.14,6.16,121679
RUS,2024-10,8.41,6.81,146063
RUS,2024-11,12.4,9.9,99491
RUS,2024-12,14.17,11.12,118640
RUS,2025-01,12.96,11.1,118623
RUS,2025-02,12.85,10.55,103554
RUS,2025-03,11.12,7.94,126149
RUS,2025-04,11.08,8.88,110336
RUS,2025-05,6.99,6.13,191385
RUS,2025-06,5.87,5.03,152655
RUS,2025-07,3.53,2.99,143873
RUS,2025-08,2.46,1.95,203299
RUS,2025-09,3.72,2.86,116449
RUS,2025-10,4.89,3.84,88700
RUS,2025-11,3.04,2.2,93368
RUS,2025-12,4.04,2.71,107627
RUS,2026-01,2.98,2.46,94337
RUS,2026-02,3.23,2.9,100338
RUS,2026-03,3.17,2.92,109835
RUS,2026-04,6.64,6.05,67367
RUS,2026-05,4.53,3.96,71677
RUS,2026-06,2.64,1.62,66443
RUS,2026-07,2.98,2.37,88020
RUS,2026-08,2.28,1.52,75847
TJK,2015-02,0.0,0.0,1136
TJK,2015-03,0.0,0.0,761
TJK,2015-04,0.0,0.0,1533
TJK,2015-05,0.0,0.0,1407
TJK,2015-06,0.06,0.0,3537
TJK,2015-07,0.07,0.0,5668
TJK,2015-08,0.0,0.0,3914
TJK,2015-09,0.0,0.0,9978
TJK,2015-10,0.0,0.0,22303
TJK,2015-11,0.0,0.0,42265
TJK,2015-12,0.0,0.0,20466
TJK,2016-01,0.0,0.0,42567
TJK,2016-02,0.01,0.0,54407
TJK,2016-03,0.0,0.0,52510
TJK,2016-04,0.0,0.0,80476
TJK,2016-05,0.0,0.0,74952
TJK,2016-06,0.01,0.0,79148
TJK,2016-07,0.0,0.0,78442
TJK,2016-08,0.0,0.0,50462
TJK,2016-09,0.0,0.0,24183
TJK,2016-10,0.0,0.0,38672
TJK,2016-11,0.0,0.0,40081
TJK,2016-12,0.0,0.0,43501
TJK,2017-01,0.01,0.0,55469
TJK,2017-02,0.0,0.0,32274
TJK,2017-03,0.0,0.0,19728
TJK,2017-04,0.0,0.0,17419
TJK,2017-05,0.0,0.0,12662
TJK,2017-06,0.0,0.0,8969
TJK,2017-07,0.0,0.0,25123
TJK,2017-08,0.0,0.0,27588
TJK,2017-09,0.0,0.0,16499
TJK,2017-10,0.0,0.0,49830
TJK,2017-11,0.01,0.01,59257
TJK,2017-12,0.01,0.01,51620
TJK,2018-01,0.01,0.01,108884
TJK,2018-02,0.0,0.0,18036
TJK,2018-03,0.0,0.0,18873
TJK,2018-04,0.0,0.0,14768
TJK,2018-05,0.0,0.0,32987
TJK,2018-06,0.0,0.0,28610
TJK,2018-07,0.0,0.0,13787
TJK,2018-08,0.0,0.0,21264
TJK,2018-09,0.01,0.01,14889
TJK,2018-10,0.01,0.01,24869
TJK,2018-11,0.0,0.0,121083
TJK,2018-12,0.01,0.01,59321
TJK,2019-01,0.0,0.0,11359
TJK,2019-02,0.01,0.01,16980
TJK,2019-03,0.0,0.0,25117
TJK,2019-04,0.01,0.01,25780
TJK,2019-05,0.0,0.0,15729
TJK,2019-06,0.01,0.01,149640
TJK,2019-07,0.0,0.0,165925
TJK,2019-08,0.01,0.01,221593
TJK,2019-09,0.01,0.01,135562
TJK,2019-10,0.01,0.01,42005
TJK,2019-11,0.0,0.0,51363
TJK,2019-12,0.0,0.0,43261
TJK,2020-01,0.0,0.0,33479
TJK,2020-02,0.0,0.0,42180
TJK,2020-03,0.0,0.0,44447
TJK,2020-04,0.01,0.01,54840
TJK,2020-05,0.0,0.0,54564
TJK,2020-06,0.0,0.0,62615
TJK,2020-07,0.01,0.01,83143
TJK,2020-08,0.01,0.01,91944
TJK,2020-09,0.01,0.01,109228
TJK,2020-10,0.01,0.01,135077
TJK,2020-11,0.01,0.01,159376
TJK,2020-12,0.01,0.01,160336
TJK,2021-01,0.01,0.01,134708
TJK,2021-02,0.01,0.01,162897
TJK,2021-03,0.01,0.01,209593
TJK,2021-04,0.01,0.01,120584
TJK,2021-05,0.02,0.02,54325
TJK,2021-06,0.02,0.02,31486
TJK,2021-07,0.03,0.03,23813
TJK,2021-08,0.02,0.02,34835
TJK,2021-09,0.02,0.02,31375
TJK,2021-10,0.02,0.02,31441
TJK,2021-11,0.03,0.03,35336
TJK,2021-12,0.01,0.01,35039
TJK,2022-01,0.01,0.01,42892
TJK,2022-02,0.01,0.01,48567
TJK,2022-03,0.01,0.01,62440
TJK,2022-04,0.02,0.02,64212
TJK,2022-05,0.01,0.01,34096
TJK,2022-06,0.02,0.02,33081
TJK,2022-07,0.02,0.02,63191
TJK,2022-08,0.02,0.02,157870
TJK,2022-09,0.02,0.02,181216
TJK,2022-10,0.02,0.02,110621
TJK,2022-11,0.02,0.02,85232
TJK,2022-12,0.04,0.03,116708
TJK,2023-01,0.03,0.03,70937
TJK,2023-02,0.05,0.05,117679
TJK,2023-03,0.03,0.03,168451
TJK,2023-04,0.03,0.03,197040
TJK,2023-05,0.03,0.03,203693
TJK,2023-06,0.03,0.03,190097
TJK,2023-07,0.04,0.03,169251
TJK,2023-08,0.03,0.03,192579
TJK,2023-09,0.04,0.03,147014
TJK,2023-10,0.04,0.04,186991
TJK,2023-11,0.04,0.04,133472
TJK,2023-12,0.02,0.02,174238
TJK,2024-01,0.03,0.03,146115
TJK,2024-02,0.02,0.02,191289
TJK,2024-03,0.03,0.03,205676
TJK,2024-04,0.05,0.05,327046
TJK,2024-05,0.05,0.05,372242
TJK,2024-06,0.03,0.03,352877
TJK,2024-07,0.12,0.12,301863
TJK,2024-08,0.03,0.03,356402
TJK,2024-09,0.06,0.06,254688
TJK,2024-10,0.03,0.02,398714
TJK,2024-11,0.03,0.03,435837
TJK,2024-12,0.03,0.03,448508
TJK,2025-01,0.03,0.03,391463
TJK,2025-02,0.07,0.06,582258
TJK,2025-03,0.04,0.03,822351
TJK,2025-04,0.04,0.04,601858
TJK,2025-05,0.04,0.04,570500
TJK,2025-06,0.06,0.06,525146
TJK,2025-07,0.04,0.04,473883
TJK,2025-08,0.08,0.07,412238
TJK,2025-09,0.15,0.15,420239
TJK,2025-10,0.1,0.09,433709
TJK,2025-11,0.08,0.08,460893
TJK,2025-12,0.08,0.08,704370
TJK,2026-01,0.12,0.12,928572
TJK,2026-02,0.15,0.14,891173
TJK,2026-03,0.09,0.09,622243
TJK,2026-04,0.18,0.17,756570
TJK,2026-05,0.16,0.15,607303
TJK,2026-06,0.25,0.24,431370
TJK,2026-07,0.29,0.27,544786
TJK,2026-08,1.11,1.06,654885
TKM,2015-04,0.0,0.0,38
TKM,2015-05,0.0,0.0,53
TKM,2015-06,0.0,0.0,99
TKM,2015-07,0.0,0.0,228
TKM,2015-08,0.0,0.0,201
TKM,2015-09,0.0,0.0,684
TKM,2015-10,0.0,0.0,2026
TKM,2015-11,0.0,0.0,4579
TKM,2015-12,0.04,0.0,4861
TKM,2016-01,0.0,0.0,24533
TKM,2016-02,0.0,0.0,27692
TKM,2016-03,0.0,0.0,22468
TKM,2016-04,0.0,0.0,21079
TKM,2016-05,0.0,0.0,32498
TKM,2016-06,0.0,0.0,29014
TKM,2016-07,0.0,0.0,34771
TKM,2016-08,0.0,0.0,20540
TKM,2016-09,0.0,0.0,18594
TKM,2016-10,0.01,0.01,17444
TKM,2016-11,0.01,0.0,13018
TKM,2016-12,0.04,0.0,13778
TKM,2017-01,0.01,0.01,38231
TKM,2017-02,0.0,0.0,19936
TKM,2017-03,0.0,0.0,12823
TKM,2017-04,0.01,0.0,9367
TKM,2017-05,0.0,0.0,8538
TKM,2017-06,0.0,0.0,11032
TKM,2017-07,0.0,0.0,29227
TKM,2017-08,0.01,0.01,15037
TKM,2017-09,0.02,0.02,6313
TKM,2017-10,0.01,0.01,24203
TKM,2017-11,0.0,0.0,34748
TKM,2017-12,0.01,0.01,46358
TKM,2018-01,0.02,0.02,77202
TKM,2018-02,0.0,0.0,15911
TKM,2018-03,0.0,0.0,5894
TKM,2018-04,0.0,0.0,459
TKM,2018-05,0.0,0.0,123
TKM,2018-06,0.0,0.0,260
TKM,2018-07,0.0,0.0,299
TKM,2018-08,0.0,0.0,288
TKM,2018-09,0.0,0.0,381
TKM,2018-10,0.0,0.0,271
TKM,2018-11,0.0,0.0,232
TKM,2018-12,0.0,0.0,108
TKM,2019-01,0.0,0.0,81
TKM,2019-02,0.0,0.0,84
TKM,2019-03,0.0,0.0,50
TKM,2019-04,0.0,0.0,47
TKM,2019-05,0.0,0.0,32
TKM,2019-06,0.0,0.0,48
TKM,2019-07,0.0,0.0,89
TKM,2019-08,0.0,0.0,86
TKM,2019-09,0.0,0.0,97
TKM,2019-10,0.0,0.0,243
TKM,2019-11,0.0,0.0,1109
TKM,2019-12,1.2,1.2,83
TKM,2020-01,1.22,1.22,82
TKM,2020-02,0.0,0.0,338
TKM,2020-03,0.0,0.0,73
TKM,2020-04,0.0,0.0,90
TKM,2020-05,0.0,0.0,67
TKM,2020-06,0.0,0.0,100
TKM,2020-07,0.0,0.0,71
TKM,2020-08,0.0,0.0,169
TKM,2020-09,0.01,0.01,39878
TKM,2020-10,0.0,0.0,7850
TKM,2020-11,0.0,0.0,307
TKM,2020-12,0.0,0.0,340
TKM,2021-01,0.0,0.0,684
TKM,2021-02,0.0,0.0,280
TKM,2021-03,0.0,0.0,101
TKM,2021-04,0.0,0.0,97
TKM,2021-05,0.0,0.0,92
TKM,2021-06,0.0,0.0,78
TKM,2021-07,0.0,0.0,86
TKM,2021-08,0.0,0.0,115
TKM,2021-09,0.0,0.0,161
TKM,2021-10,0.0,0.0,162
TKM,2021-11,0.89,0.89,224
TKM,2021-12,0.0,0.0,243
TKM,2022-01,0.0,0.0,259
TKM,2022-02,0.0,0.0,278
TKM,2022-03,0.0,0.0,164
TKM,2022-04,0.0,0.0,261
TKM,2022-05,0.0,0.0,284
TKM,2022-06,0.0,0.0,284
TKM,2022-07,0.0,0.0,315
TKM,2022-08,0.0,0.0,598
TKM,2022-09,0.0,0.0,625
TKM,2022-10,0.29,0.29,339
TKM,2022-11,0.0,0.0,511
TKM,2022-12,0.0,0.0,512
TKM,2023-01,0.0,0.0,457
TKM,2023-02,1.28,0.48,626
TKM,2023-03,0.17,0.17,588
TKM,2023-04,0.16,0.16,634
TKM,2023-05,0.0,0.0,661
TKM,2023-06,0.41,0.41,723
TKM,2023-07,4.72,4.72,636
TKM,2023-08,0.18,0.18,555
TKM,2023-10,0.09,0.09,1063
TKM,2023-11,0.0,0.0,1040
TKM,2023-12,0.22,0.22,904
TKM,2024-01,0.0,0.0,686
TKM,2024-02,0.0,0.0,1057
TKM,2024-03,0.0,0.0,1114
TKM,2024-04,0.0,0.0,431
TKM,2024-05,0.0,0.0,805
TKM,2024-06,0.03,0.03,3234
TKM,2024-07,0.3,0.3,18036
TKM,2024-08,0.46,0.39,8125
TKM,2024-09,0.19,0.17,11414
TKM,2024-10,0.13,0.12,18425
TKM,2024-11,0.59,0.49,6597
TKM,2024-12,0.11,0.09,5383
TKM,2025-01,0.35,0.35,2574
TKM,2025-02,0.0,0.0,2164
TKM,2025-03,0.0,0.0,2519
TKM,2025-04,0.11,0.11,2813
TKM,2025-05,0.36,0.36,2771
TKM,2025-06,0.13,0.1,3899
TKM,2025-07,0.0,0.0,3991
TKM,2025-08,0.07,0.07,5415
TKM,2025-09,0.04,0.04,4448
TKM,2025-10,0.03,0.03,3849
TKM,2025-11,0.04,0.04,2771
TKM,2025-12,0.0,0.0,2482
TKM,2026-01,0.13,0.13,3023
TKM,2026-02,0.0,0.0,2383
TKM,2026-03,0.04,0.04,2289
TKM,2026-04,0.11,0.11,2693
TKM,2026-05,0.21,0.21,2384
TKM,2026-06,1.22,1.15,3041
TKM,2026-07,2.45,2.22,4363
TKM,2026-08,2.22,2.22,4053
UKR,2015-01,2.08,2.02,8220
UKR,2015-02,0.32,0.29,514214
UKR,2015-03,0.32,0.29,367056
UKR,2015-04,0.5,0.32,649896
UKR,2015-05,0.5,0.32,658895
UKR,2015-06,1.15,0.28,747993
UKR,2015-07,1.6,0.27,1006640
UKR,2015-08,1.43,0.33,880241
UKR,2015-09,0.55,0.32,1128882
UKR,2015-10,0.55,0.35,3193024
UKR,2015-11,0.44,0.25,3048603
UKR,2015-12,0.72,0.25,1026643
UKR,2016-01,0.35,0.21,3437144
UKR,2016-02,0.43,0.2,3273670
UKR,2016-03,0.45,0.2,2439767
UKR,2016-04,0.65,0.44,2368643
UKR,2016-05,0.35,0.21,2811535
UKR,2016-06,0.17,0.16,1979021
UKR,2016-07,0.21,0.2,1941268
UKR,2016-08,0.16,0.16,2940508
UKR,2016-09,0.26,0.24,2931787
UKR,2016-10,0.24,0.23,3934760
UKR,2016-11,0.36,0.35,4770778
UKR,2016-12,0.32,0.31,6986600
UKR,2017-01,0.07,0.07,32723840
UKR,2017-02,0.06,0.06,17951782
UKR,2017-03,0.09,0.09,8657503
UKR,2017-04,0.13,0.12,3560147
UKR,2017-05,0.14,0.13,1089466
UKR,2017-06,0.2,0.19,955252
UKR,2017-07,0.06,0.05,4186214
UKR,2017-08,0.07,0.07,1926358
UKR,2017-09,0.14,0.14,1412695
UKR,2017-10,0.17,0.16,5159439
UKR,2017-11,0.26,0.24,5512604
UKR,2017-12,0.27,0.27,4568787
UKR,2018-01,0.19,0.18,5335602
UKR,2018-02,0.32,0.31,1008557
UKR,2018-03,0.3,0.28,942474
UKR,2018-04,0.34,0.32,642102
UKR,2018-05,0.33,0.31,1149487
UKR,2018-06,0.35,0.32,676264
UKR,2018-07,0.38,0.34,625239
UKR,2018-08,0.44,0.41,554110
UKR,2018-09,0.47,0.43,449529
UKR,2018-10,0.32,0.29,1518711
UKR,2018-11,0.24,0.22,1862176
UKR,2018-12,0.26,0.23,1000307
UKR,2019-01,0.27,0.23,1098714
UKR,2019-02,0.28,0.24,1179839
UKR,2019-03,0.3,0.26,1091453
UKR,2019-04,0.31,0.26,988482
UKR,2019-05,0.27,0.24,957494
UKR,2019-06,0.24,0.22,2278794
UKR,2019-07,0.23,0.2,2559865
UKR,2019-08,0.24,0.21,2623198
UKR,2019-09,0.27,0.23,2363200
UKR,2019-10,0.27,0.23,2776777
UKR,2019-11,0.25,0.23,3149296
UKR,2019-12,0.23,0.22,2952074
UKR,2020-01,0.24,0.23,3101465
UKR,2020-02,0.23,0.22,3533102
UKR,2020-03,0.24,0.23,4535474
UKR,2020-04,0.26,0.25,4080922
UKR,2020-05,0.24,0.23,4141678
UKR,2020-06,0.24,0.23,3378610
UKR,2020-07,0.25,0.24,3145517
UKR,2020-08,0.24,0.23,3743979
UKR,2020-09,0.22,0.21,4391755
UKR,2020-10,0.29,0.28,4278142
UKR,2020-11,0.35,0.34,4676488
UKR,2020-12,0.39,0.38,5308770
UKR,2021-01,0.36,0.35,4680644
UKR,2021-02,0.37,0.36,4152338
UKR,2021-03,0.36,0.35,4971101
UKR,2021-04,0.38,0.37,3728030
UKR,2021-05,0.57,0.55,2225037
UKR,2021-06,0.69,0.67,1344030
UKR,2021-07,0.58,0.56,1494247
UKR,2021-08,0.47,0.45,1440860
UKR,2021-09,0.5,0.48,1458703
UKR,2021-10,0.6,0.59,1564754
UKR,2021-11,0.62,0.6,2180247
UKR,2021-12,0.67,0.65,1934718
UKR,2022-01,0.5,0.49,3034747
UKR,2022-02,0.38,0.37,4674436
UKR,2022-03,0.23,0.23,8913481
UKR,2022-04,0.29,0.28,5786031
UKR,2022-05,0.64,0.62,2625766
UKR,2022-06,0.93,0.9,2044544
UKR,2022-07,0.72,0.68,2477795
UKR,2022-08,0.37,0.35,5361615
UKR,2022-09,0.47,0.46,6728581
UKR,2022-10,1.58,1.56,3774583
UKR,2022-11,7.6,7.54,3086775
UKR,2022-12,8.16,8.08,3239545
UKR,2023-01,9.31,9.21,2698809
UKR,2023-02,7.59,7.5,6098097
UKR,2023-03,7.91,7.83,5956711
UKR,2023-04,8.32,8.11,5589922
UKR,2023-05,10.5,10.43,4924776
UKR,2023-06,10.13,10.05,5311656
UKR,2023-07,10.67,10.6,4243938
UKR,2023-08,11.66,11.59,3632014
UKR,2023-09,11.58,11.51,2911715
UKR,2023-10,11.52,11.45,4045823
UKR,2023-11,12.63,12.54,3561716
UKR,2023-12,9.67,9.61,3402513
UKR,2024-01,9.63,9.54,3163614
UKR,2024-02,7.88,7.82,3551019
UKR,2024-03,10.48,10.4,4743618
UKR,2024-04,11.11,11.04,5357094
UKR,2024-05,11.61,11.47,5233677
UKR,2024-06,13.59,13.47,3853385
UKR,2024-07,12.28,12.08,4133294
UKR,2024-08,10.4,10.18,5225932
UKR,2024-09,9.17,8.88,3903595
UKR,2024-10,9.17,8.99,6757847
UKR,2024-11,10.49,10.34,6793234
UKR,2024-12,11.45,11.25,7147289
UKR,2025-01,11.22,10.99,8492384
UKR,2025-02,12.24,11.87,9155960
UKR,2025-03,13.08,10.41,9900175
UKR,2025-04,13.57,13.19,8483823
UKR,2025-05,12.62,12.32,6964872
UKR,2025-06,11.83,11.66,6527450
UKR,2025-07,12.35,11.96,7175194
UKR,2025-08,11.79,11.38,8301195
UKR,2025-09,12.68,12.29,7911526
UKR,2025-10,12.98,12.62,8906346
UKR,2025-11,14.79,14.66,10926575
UKR,2025-12,14.97,14.84,10594453
UKR,2026-01,15.91,15.76,12314967
UKR,2026-02,15.67,15.49,11419364
UKR,2026-03,13.39,13.14,11667804
UKR,2026-04,13.53,13.33,11489694
UKR,2026-05,13.15,12.93,10191766
UKR,2026-06,13.26,13.09,7552938
UKR,2026-07,13.32,13.12,9649981
UKR,2026-08,13.35,13.13,10053400
UZB,2015-02,0.0,0.0,5676
UZB,2015-03,0.08,0.0,3620
UZB,2015-04,0.04,0.0,6761
UZB,2015-05,0.03,0.0,7339
UZB,2015-06,0.24,0.02,11073
UZB,2015-07,0.27,0.0,34788
UZB,2015-08,0.27,0.02,42168
UZB,2015-09,0.01,0.0,73323
UZB,2015-10,0.01,0.0,245756
UZB,2015-11,0.01,0.0,391959
UZB,2015-12,0.01,0.0,246108
UZB,2016-01,0.01,0.0,275824
UZB,2016-02,0.0,0.0,336771
UZB,2016-03,0.01,0.0,245067
UZB,2016-04,0.01,0.0,261048
UZB,2016-05,0.01,0.0,273109
UZB,2016-06,0.01,0.0,227935
UZB,2016-07,0.01,0.0,174390
UZB,2016-08,0.0,0.0,227618
UZB,2016-09,0.0,0.0,159177
UZB,2016-10,0.0,0.0,168561
UZB,2016-11,0.0,0.0,181642
UZB,2016-12,0.0,0.0,225511
UZB,2017-01,0.01,0.01,365564
UZB,2017-02,0.01,0.0,201874
UZB,2017-03,0.0,0.0,113280
UZB,2017-04,0.01,0.0,78184
UZB,2017-05,0.0,0.0,46642
UZB,2017-06,0.0,0.0,44846
UZB,2017-07,0.0,0.0,138236
UZB,2017-08,0.0,0.0,109045
UZB,2017-09,0.0,0.0,67525
UZB,2017-10,0.01,0.01,232381
UZB,2017-11,0.01,0.0,240043
UZB,2017-12,0.01,0.01,210725
UZB,2018-01,0.01,0.01,371725
UZB,2018-02,0.0,0.0,86815
UZB,2018-03,0.0,0.0,63355
UZB,2018-04,0.0,0.0,40661
UZB,2018-05,0.0,0.0,93378
UZB,2018-06,0.0,0.0,67375
UZB,2018-07,0.0,0.0,57134
UZB,2018-08,0.0,0.0,107362
UZB,2018-09,0.0,0.0,64088
UZB,2018-10,0.01,0.01,108297
UZB,2018-11,0.01,0.0,442123
UZB,2018-12,0.01,0.0,201786
UZB,2019-01,0.03,0.03,45372
UZB,2019-02,0.01,0.01,61056
UZB,2019-03,0.0,0.0,63500
UZB,2019-04,0.01,0.01,61829
UZB,2019-05,0.01,0.01,73840
UZB,2019-06,0.01,0.01,530982
UZB,2019-07,0.01,0.01,494729
UZB,2019-08,0.01,0.0,582061
UZB,2019-09,0.0,0.0,584996
UZB,2019-10,0.01,0.0,271093
UZB,2019-11,0.0,0.0,369318
UZB,2019-12,0.0,0.0,360355
UZB,2020-01,0.0,0.0,329991
UZB,2020-02,0.01,0.01,364472
UZB,2020-03,0.01,0.01,296391
UZB,2020-04,0.01,0.01,335721
UZB,2020-05,0.01,0.01,353687
UZB,2020-06,0.01,0.01,383572
UZB,2020-07,0.0,0.0,578438
UZB,2020-08,0.01,0.01,624212
UZB,2020-09,0.01,0.01,611040
UZB,2020-10,0.01,0.01,649296
UZB,2020-11,0.01,0.01,734546
UZB,2020-12,0.01,0.01,752094
UZB,2021-01,0.01,0.01,593389
UZB,2021-02,0.01,0.01,810034
UZB,2021-03,0.01,0.01,849328
UZB,2021-04,0.01,0.01,535890
UZB,2021-05,0.02,0.02,302969
UZB,2021-06,0.02,0.02,262956
UZB,2021-07,0.02,0.02,290162
UZB,2021-08,0.02,0.02,309245
UZB,2021-09,0.03,0.03,327368
UZB,2021-10,0.03,0.03,447824
UZB,2021-11,0.02,0.02,843488
UZB,2021-12,0.02,0.02,521028
UZB,2022-01,0.01,0.01,824116
UZB,2022-02,0.01,0.01,800081
UZB,2022-03,0.01,0.01,711015
UZB,2022-04,0.03,0.03,682356
UZB,2022-05,0.02,0.02,443861
UZB,2022-06,0.04,0.02,361339
UZB,2022-07,0.04,0.02,803498
UZB,2022-08,0.04,0.03,2094247
UZB,2022-09,0.04,0.04,1967971
UZB,2022-10,0.09,0.09,1089126
UZB,2022-11,0.35,0.34,795146
UZB,2022-12,0.42,0.41,840887
UZB,2023-01,0.3,0.29,777076
UZB,2023-02,0.25,0.25,1092354
UZB,2023-03,0.36,0.36,1549465
UZB,2023-04,0.33,0.32,1807739
UZB,2023-05,0.17,0.16,1787169
UZB,2023-06,0.14,0.13,1582140
UZB,2023-07,0.16,0.16,1372148
UZB,2023-08,0.12,0.12,2162799
UZB,2023-09,0.1,0.1,2003940
UZB,2023-10,0.1,0.1,2194864
UZB,2023-11,0.13,0.12,2411350
UZB,2023-12,0.15,0.12,2280584
UZB,2024-01,0.2,0.2,1732739
UZB,2024-02,0.81,0.78,1488314
UZB,2024-03,0.84,0.8,1689444
UZB,2024-04,0.82,0.78,2036088
UZB,2024-05,0.84,0.8,2551419
UZB,2024-06,1.09,1.05,2662363
UZB,2024-07,0.95,0.87,1862405
UZB,2024-08,2.1,1.96,2232866
UZB,2024-09,2.84,2.64,1384697
UZB,2024-10,2.88,2.66,2224236
UZB,2024-11,3.54,3.27,2057221
UZB,2024-12,3.93,3.69,2834023
UZB,2025-01,3.54,3.31,4038002
UZB,2025-02,3.0,2.76,3464772
UZB,2025-03,3.62,2.78,4706417
UZB,2025-04,6.52,6.19,3564645
UZB,2025-05,8.03,7.49,3170631
UZB,2025-06,8.53,7.96,3283319
UZB,2025-07,14.64,13.71,3447741
UZB,2025-08,14.07,13.19,4230774
UZB,2025-09,13.3,11.22,3989853
UZB,2025-10,14.04,11.17,3971431
UZB,2025-11,13.44,12.66,4768510
UZB,2025-12,12.62,11.88,6045757
UZB,2026-01,12.35,11.83,7847578
UZB,2026-02,10.0,9.1,5622697
UZB,2026-03,11.65,10.21,4495833
UZB,2026-04,11.94,11.03,4223582
UZB,2026-05,12.22,11.39,3898971
UZB,2026-06,12.65,11.92,2831666
UZB,2026-07,12.91,11.95,3348646
UZB,2026-08,12.1,11.14,3776791
WLD,2015-01,3.52,3.16,12815988
WLD,2015-02,3.35,3.15,20189685
WLD,2015-03,3.39,3.18,17061044
WLD,2015-04,3.15,2.84,38551112
WLD,2015-05,3.83,3.43,41728093
WLD,2015-06,4.43,3.26,53638540
WLD,2015-07,4.59,3.14,111745788
WLD,2015-08,4.47,3.09,125239996
WLD,2015-09,4.87,4.22,100464121
WLD,2015-10,5.15,4.73,229297913
WLD,2015-11,5.39,4.86,200443045
WLD,2015-12,5.67,5.06,130609821
WLD,2016-01,5.29,4.76,249010125
WLD,2016-02,5.26,4.64,196994646
WLD,2016-03,5.47,4.82,210447545
WLD,2016-04,5.4,4.77,214458907
WLD,2016-05,6.06,5.44,222049838
WLD,2016-06,6.47,5.81,197470419
WLD,2016-07,6.56,5.86,215230190
WLD,2016-08,6.67,5.84,208338987
WLD,2016-09,6.68,5.97,178856752
WLD,2016-10,8.07,7.51,200862663
WLD,2016-11,8.39,7.18,196159706
WLD,2016-12,9.05,8.05,175893148
WLD,2017-01,9.55,8.93,357881572
WLD,2017-02,9.81,9.18,232654794
WLD,2017-03,11.49,10.72,178805204
WLD,2017-04,12.08,11.35,111947632
WLD,2017-05,11.29,10.63,75611240
WLD,2017-06,14.43,13.76,71797111
WLD,2017-07,15.79,15.21,218009185
WLD,2017-08,15.65,15.07,142857676
WLD,2017-09,16.15,15.47,127964693
WLD,2017-10,15.89,15.25,386309644
WLD,2017-11,16.23,15.19,427660779
WLD,2017-12,17.55,16.91,259909512
WLD,2018-01,17.01,16.22,468340649
WLD,2018-02,17.73,17.03,200976157
WLD,2018-03,17.74,17.03,186590573
WLD,2018-04,17.37,16.65,168289608
WLD,2018-05,17.7,16.71,298485927
WLD,2018-06,18.63,17.91,222297810
WLD,2018-07,17.69,16.91,202677119
WLD,2018-08,16.92,16.3,168308633
WLD,2018-09,16.02,15.57,116442694
WLD,2018-10,17.45,16.92,150913141
WLD,2018-11,18.42,17.16,216085764
WLD,2018-12,19.37,18.47,166586334
WLD,2019-01,18.95,18.36,118334027
WLD,2019-02,19.03,18.51,111440636
WLD,2019-03,20.32,19.64,109575383
WLD,2019-04,20.97,20.2,99210071
WLD,2019-05,19.88,19.15,98422694
WLD,2019-06,23.12,22.39,271269167
WLD,2019-07,23.26,22.56,293798737
WLD,2019-08,23.52,22.72,294756718
WLD,2019-09,21.56,20.87,272067955
WLD,2019-10,23.84,23.09,215725780
WLD,2019-11,23.89,23.18,211769929
WLD,2019-12,24.39,23.63,198862869
WLD,2020-01,24.49,23.55,189985846
WLD,2020-02,23.85,22.6,185310812
WLD,2020-03,24.38,23.44,217072861
WLD,2020-04,25.15,24.12,236026276
WLD,2020-05,25.83,24.76,217957878
WLD,2020-06,25.62,24.48,233899022
WLD,2020-07,25.78,24.66,199205390
WLD,2020-08,26.14,24.99,239291393
WLD,2020-09,26.59,24.91,228308299
WLD,2020-10,27.14,25.32,233819461
WLD,2020-11,27.33,26.03,216275755
WLD,2020-12,27.97,26.59,224151029
WLD,2021-01,28.05,26.73,229814693
WLD,2021-02,27.94,26.29,237568022
WLD,2021-03,28.65,27.02,259643542
WLD,2021-04,28.0,25.98,240721233
WLD,2021-05,27.96,26.43,246260899
WLD,2021-06,27.33,25.89,242385957
WLD,2021-07,27.48,26.1,234190800
WLD,2021-08,27.26,25.97,238586759
WLD,2021-09,27.9,26.34,255774948
WLD,2021-10,28.18,26.6,290895323
WLD,2021-11,28.73,27.25,290208137
WLD,2021-12,29.92,28.27,317193644
WLD,2022-01,28.15,26.77,395225331
WLD,2022-02,30.14,28.75,432189815
WLD,2022-03,29.64,28.38,427797915
WLD,2022-04,30.93,29.65,480138105
WLD,2022-05,31.21,29.99,464457152
WLD,2022-06,31.54,30.21,437304113
WLD,2022-07,31.98,30.75,476346120
WLD,2022-08,32.34,31.24,640270899
WLD,2022-09,32.88,31.66,634121391
WLD,2022-10,32.25,31.3,579124059
WLD,2022-11,30.26,29.59,538186055
WLD,2022-12,32.57,31.8,580022076
WLD,2023-01,33.32,32.34,531541822
WLD,2023-02,33.65,32.4,741810899
WLD,2023-03,34.83,33.92,629665139
WLD,2023-04,34.99,33.93,682220108
WLD,2023-05,35.36,34.47,698941656
WLD,2023-06,35.31,34.4,622169827
WLD,2023-07,35.68,34.89,562341570
WLD,2023-08,35.64,34.85,568454101
WLD,2023-09,35.39,34.33,382580604
WLD,2023-10,35.83,34.85,535256717
WLD,2023-11,36.67,35.76,441750568
WLD,2023-12,36.49,35.66,424329221
WLD,2024-01,37.06,36.26,448306220
WLD,2024-02,36.94,36.15,436254713
WLD,2024-03,36.97,36.12,527810529
WLD,2024-04,37.14,36.28,667027530
WLD,2024-05,37.39,36.19,691986486
WLD,2024-06,37.94,36.93,722550577
WLD,2024-07,38.63,37.29,682095957
WLD,2024-08,38.28,36.93,802642488
WLD,2024-09,38.69,36.97,560704515
WLD,2024-10,40.0,38.82,771057693
WLD,2024-11,39.89,38.71,766232144
WLD,2024-12,39.64,38.42,822671639
WLD,2025-01,40.22,38.97,909191687
WLD,2025-02,40.07,38.59,862973046
WLD,2025-03,40.49,36.33,901832486
WLD,2025-04,40.58,39.09,924110676
WLD,2025-05,40.02,37.82,861002536
WLD,2025-06,39.36,37.28,949143592
WLD,2025-07,39.81,37.91,981023076
WLD,2025-08,40.77,39.36,1042338292
WLD,2025-09,41.39,40.08,977579126
WLD,2025-10,42.03,40.72,966637064
WLD,2025-11,43.06,41.9,955227255
WLD,2025-12,42.78,41.33,1009387316
WLD,2026-01,42.91,41.48,1036842762
WLD,2026-02,42.94,41.41,951125423
WLD,2026-03,43.06,41.62,931536371
WLD,2026-04,43.35,41.78,966913484
WLD,2026-05,43.46,41.75,953194817
WLD,2026-06,42.93,41.23,831934117
WLD,2026-07,42.22,40.01,947272499
WLD,2026-08,43.64,41.64,1028345243
