entity,code,year,it_net_bbnd_p2
Armenia,ARM,2001,0.00019453051
Armenia,ARM,2002,0.0002618118
Armenia,ARM,2003,0.00032905908
Armenia,ARM,2004,0.033084746
Armenia,ARM,2005,0.0661932
Armenia,ARM,2007,0.13110042
Armenia,ARM,2008,0.46618402
Armenia,ARM,2009,1.3541934
Armenia,ARM,2010,3.1928868
Armenia,ARM,2011,5.4929223
Armenia,ARM,2012,7.2558074
Armenia,ARM,2013,8.316732
Armenia,ARM,2014,9.337631
Armenia,ARM,2015,9.801495
Armenia,ARM,2016,10.249784
Armenia,ARM,2017,10.817256
Armenia,ARM,2018,11.939938
Armenia,ARM,2019,13.281946
Armenia,ARM,2020,14.88838
Armenia,ARM,2021,16.256594
Armenia,ARM,2022,17.73007
Armenia,ARM,2023,18.545807
Armenia,ARM,2024,20.309095
Azerbaijan,AZE,2002,0.012010378
Azerbaijan,AZE,2005,0.025403477
Azerbaijan,AZE,2006,0.045400385
Azerbaijan,AZE,2007,0.16537705
Azerbaijan,AZE,2008,0.67094296
Azerbaijan,AZE,2009,1.1054199
Azerbaijan,AZE,2010,5.196269
Azerbaijan,AZE,2011,10.521318
Azerbaijan,AZE,2012,14.607162
Azerbaijan,AZE,2013,18.014555
Azerbaijan,AZE,2014,19.70764
Azerbaijan,AZE,2015,19.475906
Azerbaijan,AZE,2016,18.277096
Azerbaijan,AZE,2017,18.109165
Azerbaijan,AZE,2018,18.8342
Azerbaijan,AZE,2019,19.217821
Azerbaijan,AZE,2020,19.598576
Azerbaijan,AZE,2021,20.0857
Azerbaijan,AZE,2022,20.365595
Azerbaijan,AZE,2023,20.882504
Azerbaijan,AZE,2024,21.75341
Belarus,BLR,2002,0.00020256345
Belarus,BLR,2003,0.0012546955
Belarus,BLR,2004,0.007704088
Belarus,BLR,2005,0.01617735
Belarus,BLR,2006,0.11884843
Belarus,BLR,2007,1.7756314
Belarus,BLR,2008,5.0158677
Belarus,BLR,2009,11.488916
Belarus,BLR,2010,17.56058
Belarus,BLR,2011,22.148493
Belarus,BLR,2012,26.754957
Belarus,BLR,2013,29.434792
Belarus,BLR,2014,28.337694
Belarus,BLR,2015,30.604061
Belarus,BLR,2016,32.29296
Belarus,BLR,2017,33.31251
Belarus,BLR,2018,33.771187
Belarus,BLR,2019,34.07235
Belarus,BLR,2020,34.815224
Belarus,BLR,2021,35.00976
Belarus,BLR,2022,34.067177
Belarus,BLR,2023,35.09319
Belarus,BLR,2024,36.262707
Europe and Central Asia (WB),WB_ECA,2002,1.8907725
Europe and Central Asia (WB),WB_ECA,2003,3.1893647
Europe and Central Asia (WB),WB_ECA,2004,5.496278
Europe and Central Asia (WB),WB_ECA,2005,7.6985083
Europe and Central Asia (WB),WB_ECA,2006,10.707315
Europe and Central Asia (WB),WB_ECA,2007,13.389236
Europe and Central Asia (WB),WB_ECA,2008,15.552882
Europe and Central Asia (WB),WB_ECA,2009,17.370872
Europe and Central Asia (WB),WB_ECA,2010,18.998924
Europe and Central Asia (WB),WB_ECA,2011,20.33108
Europe and Central Asia (WB),WB_ECA,2012,21.521894
Europe and Central Asia (WB),WB_ECA,2013,22.786594
Europe and Central Asia (WB),WB_ECA,2014,23.659754
Europe and Central Asia (WB),WB_ECA,2015,24.8
Europe and Central Asia (WB),WB_ECA,2016,25.6
Europe and Central Asia (WB),WB_ECA,2017,26.9
Europe and Central Asia (WB),WB_ECA,2018,27.8
Europe and Central Asia (WB),WB_ECA,2019,28.5
Europe and Central Asia (WB),WB_ECA,2020,29.8
Europe and Central Asia (WB),WB_ECA,2021,30.85
Europe and Central Asia (WB),WB_ECA,2022,31.57
Europe and Central Asia (WB),WB_ECA,2023,32.56
Europe and Central Asia (WB),WB_ECA,2024,33.47
Europe and Central Asia (WB),WB_ECA,2025,34.45
Georgia,GEO,2001,0.01021466
Georgia,GEO,2002,0.022287654
Georgia,GEO,2003,0.03451244
Georgia,GEO,2004,0.04684334
Georgia,GEO,2005,0.059362203
Georgia,GEO,2006,0.67557573
Georgia,GEO,2007,1.177919
Georgia,GEO,2008,2.8451016
Georgia,GEO,2009,3.8275647
Georgia,GEO,2010,4.6826363
Georgia,GEO,2011,6.42341
Georgia,GEO,2012,12.061133
Georgia,GEO,2013,13.57086
Georgia,GEO,2014,15.840741
Georgia,GEO,2015,16.764652
Georgia,GEO,2016,17.959593
Georgia,GEO,2017,20.46443
Georgia,GEO,2018,22.59114
Georgia,GEO,2019,24.680607
Georgia,GEO,2020,25.512043
Georgia,GEO,2021,26.64638
Georgia,GEO,2022,28.333708
Georgia,GEO,2023,29.308638
Georgia,GEO,2024,30.415766
Kazakhstan,KAZ,2003,0.006337562
Kazakhstan,KAZ,2004,0.012599243
Kazakhstan,KAZ,2005,0.018762387
Kazakhstan,KAZ,2006,0.18939728
Kazakhstan,KAZ,2007,1.6630771
Kazakhstan,KAZ,2008,2.0533862
Kazakhstan,KAZ,2009,3.4738228
Kazakhstan,KAZ,2010,5.164874
Kazakhstan,KAZ,2011,6.9928503
Kazakhstan,KAZ,2012,9.460823
Kazakhstan,KAZ,2013,11.157251
Kazakhstan,KAZ,2014,12.056385
Kazakhstan,KAZ,2015,12.723836
Kazakhstan,KAZ,2016,12.796511
Kazakhstan,KAZ,2017,13.811439
Kazakhstan,KAZ,2018,13.00024
Kazakhstan,KAZ,2019,13.079949
Kazakhstan,KAZ,2020,13.450284
Kazakhstan,KAZ,2021,13.946795
Kazakhstan,KAZ,2022,14.473953
Kazakhstan,KAZ,2023,14.345721
Kazakhstan,KAZ,2024,15.316203
Kyrgyzstan,KGZ,2002,0.0007036398
Kyrgyzstan,KGZ,2003,0.0026941001
Kyrgyzstan,KGZ,2004,0.03665164
Kyrgyzstan,KGZ,2005,0.043687668
Kyrgyzstan,KGZ,2006,0.052286316
Kyrgyzstan,KGZ,2007,0.058625717
Kyrgyzstan,KGZ,2008,0.35623637
Kyrgyzstan,KGZ,2009,0.32150754
Kyrgyzstan,KGZ,2010,0.41977426
Kyrgyzstan,KGZ,2011,0.6978239
Kyrgyzstan,KGZ,2012,0.95872587
Kyrgyzstan,KGZ,2013,2.349374
Kyrgyzstan,KGZ,2014,2.8941467
Kyrgyzstan,KGZ,2015,3.5242445
Kyrgyzstan,KGZ,2016,3.9432676
Kyrgyzstan,KGZ,2017,4.148019
Kyrgyzstan,KGZ,2018,3.951791
Kyrgyzstan,KGZ,2019,4.1436644
Kyrgyzstan,KGZ,2020,4.3366437
Kyrgyzstan,KGZ,2021,4.432577
Kyrgyzstan,KGZ,2022,5.604843
Kyrgyzstan,KGZ,2023,6.446525
Kyrgyzstan,KGZ,2024,7.7969565
Moldova,MDA,2001,0.0057043703
Moldova,MDA,2002,0.0100894775
Moldova,MDA,2003,0.014577263
Moldova,MDA,2004,0.06002468
Moldova,MDA,2005,0.26061326
Moldova,MDA,2006,0.5557318
Moldova,MDA,2007,1.3710873
Moldova,MDA,2008,3.0487335
Moldova,MDA,2009,5.0635285
Moldova,MDA,2010,7.454752
Moldova,MDA,2011,10.016794
Moldova,MDA,2012,12.01734
Moldova,MDA,2013,13.769524
Moldova,MDA,2014,15.233005
Moldova,MDA,2015,16.256962
Moldova,MDA,2016,17.215517
Moldova,MDA,2017,18.297497
Moldova,MDA,2018,19.758398
Moldova,MDA,2019,21.542704
Moldova,MDA,2020,23.426859
Moldova,MDA,2021,25.211275
Moldova,MDA,2022,26.317795
Moldova,MDA,2023,27.308636
Moldova,MDA,2024,29.63244
Russia,RUS,2002,0.00753737
Russia,RUS,2003,0.23526308
Russia,RUS,2004,0.46493977
Russia,RUS,2005,1.0989096
Russia,RUS,2006,2.0124502
Russia,RUS,2007,3.4060948
Russia,RUS,2008,6.452876
Russia,RUS,2009,8.966482
Russia,RUS,2010,10.907742
Russia,RUS,2011,12.242674
Russia,RUS,2012,14.50076
Russia,RUS,2013,16.420937
Russia,RUS,2014,17.216105
Russia,RUS,2015,18.499693
Russia,RUS,2016,18.879786
Russia,RUS,2017,21.276363
Russia,RUS,2018,21.896297
Russia,RUS,2019,22.423344
Russia,RUS,2020,23.155704
Russia,RUS,2021,23.740911
Russia,RUS,2022,24.634558
Russia,RUS,2023,25.82387
Russia,RUS,2024,27.13335
Tajikistan,TJK,2003,0.00015018228
Tajikistan,TJK,2007,0.050663862
Tajikistan,TJK,2008,0.049847357
Tajikistan,TJK,2009,0.05874319
Tajikistan,TJK,2010,0.06142072
Tajikistan,TJK,2011,0.06415512
Tajikistan,TJK,2012,0.067381375
Tajikistan,TJK,2013,0.07058774
Tajikistan,TJK,2014,0.07239882
Tajikistan,TJK,2015,0.069413595
Tajikistan,TJK,2016,0.06767708
Tajikistan,TJK,2017,0.06603605
Tajikistan,TJK,2019,0.0629593
Tajikistan,TJK,2020,0.36996463
Tajikistan,TJK,2021,0.49599135
Tajikistan,TJK,2022,0.58519644
Tajikistan,TJK,2023,0.98393625
Turkmenistan,TKM,2008,0.001403173
Turkmenistan,TKM,2009,0.008529618
Turkmenistan,TKM,2010,0.012993418
Turkmenistan,TKM,2011,0.019354554
Turkmenistan,TKM,2012,0.024102418
Turkmenistan,TKM,2013,0.030306393
Turkmenistan,TKM,2014,0.03785832
Turkmenistan,TKM,2015,0.45368475
Turkmenistan,TKM,2016,0.73436636
Turkmenistan,TKM,2017,1.1561902
Turkmenistan,TKM,2018,1.7136441
Turkmenistan,TKM,2019,2.5967438
Turkmenistan,TKM,2020,3.40423
Turkmenistan,TKM,2021,4.0826316
Turkmenistan,TKM,2022,5.2171082
Ukraine,UKR,2005,0.2772318
Ukraine,UKR,2006,1.1154876
Ukraine,UKR,2007,1.7246451
Ukraine,UKR,2008,3.464221
Ukraine,UKR,2009,4.147706
Ukraine,UKR,2010,6.454904
Ukraine,UKR,2011,6.9562106
Ukraine,UKR,2012,8.037552
Ukraine,UKR,2013,8.85843
Ukraine,UKR,2014,9.3062105
Ukraine,UKR,2015,11.643704
Ukraine,UKR,2016,12.034259
Ukraine,UKR,2017,12.353543
Ukraine,UKR,2018,12.803256
Ukraine,UKR,2019,16.159132
Ukraine,UKR,2020,18.617023
Ukraine,UKR,2021,18.267794
Ukraine,UKR,2022,17.539814
Ukraine,UKR,2023,21.377415
Ukraine,UKR,2024,21.653933
Uzbekistan,UZB,2003,0.010722929
Uzbekistan,UZB,2004,0.02118378
Uzbekistan,UZB,2005,0.031380687
Uzbekistan,UZB,2006,0.032356966
Uzbekistan,UZB,2007,0.070837624
Uzbekistan,UZB,2008,0.23990014
Uzbekistan,UZB,2009,0.3175989
Uzbekistan,UZB,2010,0.4157051
Uzbekistan,UZB,2011,0.5126427
Uzbekistan,UZB,2012,0.7537958
Uzbekistan,UZB,2013,1.0304781
Uzbekistan,UZB,2014,2.714655
Uzbekistan,UZB,2015,5.8140616
Uzbekistan,UZB,2016,8.778642
Uzbekistan,UZB,2017,10.434619
Uzbekistan,UZB,2018,12.737298
Uzbekistan,UZB,2019,10.55543
Uzbekistan,UZB,2020,15.807042
Uzbekistan,UZB,2021,21.89442
Uzbekistan,UZB,2022,25.799223
Uzbekistan,UZB,2023,30.269924
Uzbekistan,UZB,2024,34.73814
World,OWID_WRL,2005,3.4
World,OWID_WRL,2006,4.3
World,OWID_WRL,2007,5.2
World,OWID_WRL,2008,6.1
World,OWID_WRL,2009,6.9
World,OWID_WRL,2010,7.6
World,OWID_WRL,2011,8.6
World,OWID_WRL,2012,9.2
World,OWID_WRL,2013,9.7
World,OWID_WRL,2014,10.1
World,OWID_WRL,2015,11.3
World,OWID_WRL,2016,12.2
World,OWID_WRL,2017,13.5
World,OWID_WRL,2018,14.0
World,OWID_WRL,2019,14.7
World,OWID_WRL,2020,15.58
World,OWID_WRL,2021,16.74
World,OWID_WRL,2022,17.73
World,OWID_WRL,2023,18.58
World,OWID_WRL,2024,19.31
World,OWID_WRL,2025,20.11
