entity,code,year,it_net_user_zs
Armenia,ARM,1990,0.0
Armenia,ARM,1994,0.00912
Armenia,ARM,1995,0.0527
Armenia,ARM,1996,0.0946
Armenia,ARM,1997,0.112
Armenia,ARM,1998,0.129
Armenia,ARM,1999,0.971
Armenia,ARM,2000,1.30047
Armenia,ARM,2001,1.6310947
Armenia,ARM,2002,1.960405
Armenia,ARM,2003,4.5752172
Armenia,ARM,2004,4.8990088
Armenia,ARM,2005,5.253
Armenia,ARM,2006,5.6318
Armenia,ARM,2007,6.0213
Armenia,ARM,2008,6.21
Armenia,ARM,2009,15.3
Armenia,ARM,2010,25.0
Armenia,ARM,2011,32.0
Armenia,ARM,2012,37.5
Armenia,ARM,2013,41.9
Armenia,ARM,2014,54.622807
Armenia,ARM,2015,59.100834
Armenia,ARM,2016,64.34603
Armenia,ARM,2017,64.74488
Armenia,ARM,2018,68.24505
Armenia,ARM,2019,66.54395
Armenia,ARM,2020,76.5077
Armenia,ARM,2021,78.61226
Armenia,ARM,2022,77.02767
Armenia,ARM,2023,79.99663
Armenia,ARM,2024,81.3393
Azerbaijan,AZE,1990,0.0
Azerbaijan,AZE,1994,0.00143
Azerbaijan,AZE,1995,0.00206
Azerbaijan,AZE,1996,0.00635
Azerbaijan,AZE,1997,0.0252
Azerbaijan,AZE,1998,0.0375
Azerbaijan,AZE,1999,0.0992
Azerbaijan,AZE,2000,0.14775757
Azerbaijan,AZE,2001,0.30556464
Azerbaijan,AZE,2002,4.999714
Azerbaijan,AZE,2005,8.0304
Azerbaijan,AZE,2006,11.9922
Azerbaijan,AZE,2007,14.54
Azerbaijan,AZE,2008,17.08
Azerbaijan,AZE,2009,27.4
Azerbaijan,AZE,2010,46.0
Azerbaijan,AZE,2011,50.0
Azerbaijan,AZE,2012,54.2
Azerbaijan,AZE,2013,73.0
Azerbaijan,AZE,2014,75.000015
Azerbaijan,AZE,2015,77.0
Azerbaijan,AZE,2016,78.2
Azerbaijan,AZE,2017,79.0
Azerbaijan,AZE,2018,79.799995
Azerbaijan,AZE,2019,81.1
Azerbaijan,AZE,2020,84.6
Azerbaijan,AZE,2021,85.99999
Azerbaijan,AZE,2022,88.0
Azerbaijan,AZE,2023,89.0
Azerbaijan,AZE,2024,90.4398
Azerbaijan,AZE,2025,90.8
Belarus,BLR,1990,0.0
Belarus,BLR,1994,0.000486
Belarus,BLR,1995,0.00292
Belarus,BLR,1996,0.0293
Belarus,BLR,1997,0.049
Belarus,BLR,1998,0.0739
Belarus,BLR,1999,0.495
Belarus,BLR,2000,1.8603982
Belarus,BLR,2001,4.300616
Belarus,BLR,2002,8.950972
Belarus,BLR,2006,16.2
Belarus,BLR,2007,19.7
Belarus,BLR,2008,23.0
Belarus,BLR,2009,27.43
Belarus,BLR,2010,31.8
Belarus,BLR,2011,39.648895
Belarus,BLR,2012,46.91
Belarus,BLR,2013,54.17
Belarus,BLR,2014,59.01632
Belarus,BLR,2015,62.230362
Belarus,BLR,2016,71.113045
Belarus,BLR,2017,74.43645
Belarus,BLR,2018,79.12989
Belarus,BLR,2019,82.789154
Belarus,BLR,2020,85.08791
Belarus,BLR,2021,86.88841
Belarus,BLR,2022,89.50733
Belarus,BLR,2023,91.5125
Belarus,BLR,2024,94.26182
Europe and Central Asia (WB),WB_ECA,2005,34.7
Europe and Central Asia (WB),WB_ECA,2006,38.0
Europe and Central Asia (WB),WB_ECA,2007,43.6
Europe and Central Asia (WB),WB_ECA,2008,48.1
Europe and Central Asia (WB),WB_ECA,2009,52.7
Europe and Central Asia (WB),WB_ECA,2010,57.0
Europe and Central Asia (WB),WB_ECA,2011,60.2
Europe and Central Asia (WB),WB_ECA,2012,63.8
Europe and Central Asia (WB),WB_ECA,2013,66.1
Europe and Central Asia (WB),WB_ECA,2014,68.9
Europe and Central Asia (WB),WB_ECA,2015,69.9
Europe and Central Asia (WB),WB_ECA,2016,72.3
Europe and Central Asia (WB),WB_ECA,2017,74.5
Europe and Central Asia (WB),WB_ECA,2018,78.1
Europe and Central Asia (WB),WB_ECA,2019,80.3
Europe and Central Asia (WB),WB_ECA,2020,83.4
Europe and Central Asia (WB),WB_ECA,2021,86.3
Europe and Central Asia (WB),WB_ECA,2022,87.9
Europe and Central Asia (WB),WB_ECA,2023,89.6
Europe and Central Asia (WB),WB_ECA,2024,90.9
Europe and Central Asia (WB),WB_ECA,2025,92.4
Georgia,GEO,1990,0.0
Georgia,GEO,1995,0.0118
Georgia,GEO,1996,0.0401
Georgia,GEO,1997,0.0609
Georgia,GEO,1998,0.103
Georgia,GEO,1999,0.416
Georgia,GEO,2000,0.4847463
Georgia,GEO,2001,0.99234444
Georgia,GEO,2002,1.5878756
Georgia,GEO,2003,2.5588164
Georgia,GEO,2004,3.8862214
Georgia,GEO,2005,6.0795
Georgia,GEO,2006,7.526877
Georgia,GEO,2007,8.26
Georgia,GEO,2008,10.01
Georgia,GEO,2009,20.07
Georgia,GEO,2010,26.9
Georgia,GEO,2011,31.52
Georgia,GEO,2012,36.94
Georgia,GEO,2013,43.3
Georgia,GEO,2014,49.102455
Georgia,GEO,2015,47.56976
Georgia,GEO,2016,58.45929
Georgia,GEO,2017,59.705505
Georgia,GEO,2018,62.717907
Georgia,GEO,2019,68.84671
Georgia,GEO,2020,72.53158
Georgia,GEO,2021,76.44271
Georgia,GEO,2022,78.71127
Georgia,GEO,2023,81.884254
Georgia,GEO,2024,83.79855
Kazakhstan,KAZ,1990,0.0
Kazakhstan,KAZ,1994,0.000521
Kazakhstan,KAZ,1995,0.0113
Kazakhstan,KAZ,1996,0.0318
Kazakhstan,KAZ,1997,0.0646
Kazakhstan,KAZ,1998,0.131
Kazakhstan,KAZ,1999,0.464
Kazakhstan,KAZ,2000,0.6685944
Kazakhstan,KAZ,2001,1.0061243
Kazakhstan,KAZ,2002,1.674771
Kazakhstan,KAZ,2003,2.0004148
Kazakhstan,KAZ,2004,2.6503947
Kazakhstan,KAZ,2005,2.9617
Kazakhstan,KAZ,2006,3.2684
Kazakhstan,KAZ,2007,4.02
Kazakhstan,KAZ,2008,11.0
Kazakhstan,KAZ,2009,18.2
Kazakhstan,KAZ,2010,31.6
Kazakhstan,KAZ,2011,50.6
Kazakhstan,KAZ,2012,61.906628
Kazakhstan,KAZ,2013,63.304226
Kazakhstan,KAZ,2014,66.0
Kazakhstan,KAZ,2015,70.82993
Kazakhstan,KAZ,2016,74.58772
Kazakhstan,KAZ,2017,76.42675
Kazakhstan,KAZ,2018,78.903915
Kazakhstan,KAZ,2019,81.87762
Kazakhstan,KAZ,2020,85.9426
Kazakhstan,KAZ,2021,90.92395
Kazakhstan,KAZ,2022,92.29685
Kazakhstan,KAZ,2023,92.87846
Kazakhstan,KAZ,2024,93.39167
Kyrgyzstan,KGZ,1990,0.0
Kyrgyzstan,KGZ,1998,0.0728
Kyrgyzstan,KGZ,1999,0.205
Kyrgyzstan,KGZ,2000,1.0414011
Kyrgyzstan,KGZ,2001,3.0029414
Kyrgyzstan,KGZ,2002,2.9992652
Kyrgyzstan,KGZ,2003,3.9087663
Kyrgyzstan,KGZ,2004,5.0903854
Kyrgyzstan,KGZ,2005,10.5338
Kyrgyzstan,KGZ,2006,12.3069
Kyrgyzstan,KGZ,2007,14.03
Kyrgyzstan,KGZ,2008,15.7
Kyrgyzstan,KGZ,2009,16.0
Kyrgyzstan,KGZ,2010,16.3
Kyrgyzstan,KGZ,2011,17.5
Kyrgyzstan,KGZ,2012,19.8
Kyrgyzstan,KGZ,2013,23.0
Kyrgyzstan,KGZ,2014,28.3
Kyrgyzstan,KGZ,2015,30.247
Kyrgyzstan,KGZ,2016,40.5262
Kyrgyzstan,KGZ,2017,50.8053
Kyrgyzstan,KGZ,2018,62.8
Kyrgyzstan,KGZ,2019,64.1
Kyrgyzstan,KGZ,2020,72.0
Kyrgyzstan,KGZ,2021,77.1177
Kyrgyzstan,KGZ,2022,84.1937
Kyrgyzstan,KGZ,2023,91.0444
Kyrgyzstan,KGZ,2024,92.0286
Moldova,MDA,1990,0.0
Moldova,MDA,1994,0.000825
Moldova,MDA,1995,0.00346
Moldova,MDA,1996,0.00464
Moldova,MDA,1997,0.0281
Moldova,MDA,1998,0.261
Moldova,MDA,1999,0.601
Moldova,MDA,2000,1.2828465
Moldova,MDA,2001,1.487813
Moldova,MDA,2002,3.787243
Moldova,MDA,2003,7.4075446
Moldova,MDA,2004,10.629391
Moldova,MDA,2005,14.63027
Moldova,MDA,2006,19.620647
Moldova,MDA,2007,20.45
Moldova,MDA,2008,23.39
Moldova,MDA,2009,27.5
Moldova,MDA,2010,29.68
Moldova,MDA,2011,32.07
Moldova,MDA,2012,34.65
Moldova,MDA,2013,37.44
Moldova,MDA,2014,67.0
Moldova,MDA,2015,69.00001
Moldova,MDA,2016,71.0
Moldova,MDA,2017,71.7671
Moldova,MDA,2018,72.5424
Moldova,MDA,2019,73.3261
Moldova,MDA,2020,74.1183
Moldova,MDA,2021,74.919
Moldova,MDA,2022,74.919
Moldova,MDA,2023,76.5033
Moldova,MDA,2024,77.3688
Russia,RUS,1990,0.0
Russia,RUS,1992,0.000673
Russia,RUS,1993,0.0134
Russia,RUS,1994,0.0538
Russia,RUS,1995,0.148
Russia,RUS,1996,0.27
Russia,RUS,1997,0.473
Russia,RUS,1998,0.813
Russia,RUS,1999,1.02
Russia,RUS,2000,1.9772301
Russia,RUS,2001,2.944368
Russia,RUS,2002,4.1282716
Russia,RUS,2003,8.298861
Russia,RUS,2004,12.859389
Russia,RUS,2005,15.2267
Russia,RUS,2006,18.0233
Russia,RUS,2007,24.66
Russia,RUS,2008,32.0
Russia,RUS,2009,42.55
Russia,RUS,2010,49.0
Russia,RUS,2011,58.0
Russia,RUS,2012,66.0
Russia,RUS,2013,67.97
Russia,RUS,2014,70.51757
Russia,RUS,2015,70.09924
Russia,RUS,2016,73.09144
Russia,RUS,2017,76.00814
Russia,RUS,2018,80.86472
Russia,RUS,2019,82.64216
Russia,RUS,2020,84.99467
Russia,RUS,2021,88.213844
Russia,RUS,2022,90.41799
Russia,RUS,2023,92.244965
Russia,RUS,2024,94.36495
Tajikistan,TJK,1990,0.0
Tajikistan,TJK,1999,0.0328
Tajikistan,TJK,2000,0.048599593
Tajikistan,TJK,2001,0.051259134
Tajikistan,TJK,2002,0.055462826
Tajikistan,TJK,2003,0.06458378
Tajikistan,TJK,2004,0.07747991
Tajikistan,TJK,2005,0.29869002
Tajikistan,TJK,2006,3.772406
Tajikistan,TJK,2007,7.1976194
Tajikistan,TJK,2008,8.78
Tajikistan,TJK,2009,10.07
Tajikistan,TJK,2010,11.55
Tajikistan,TJK,2011,13.03
Tajikistan,TJK,2012,14.51
Tajikistan,TJK,2013,16.0
Tajikistan,TJK,2014,17.49
Tajikistan,TJK,2015,18.98
Tajikistan,TJK,2016,20.47
Tajikistan,TJK,2017,21.96
Tajikistan,TJK,2018,32.6
Tajikistan,TJK,2019,22.6863
Tajikistan,TJK,2020,27.5441
Tajikistan,TJK,2021,36.7056
Tajikistan,TJK,2022,48.9143
Tajikistan,TJK,2023,54.4155
Tajikistan,TJK,2024,55.7934
Turkmenistan,TKM,1990,0.0
Turkmenistan,TKM,1999,0.045
Turkmenistan,TKM,2000,0.13328218
Turkmenistan,TKM,2001,0.17520952
Turkmenistan,TKM,2002,0.302132
Turkmenistan,TKM,2003,0.42518264
Turkmenistan,TKM,2004,0.754054
Turkmenistan,TKM,2005,0.9973
Turkmenistan,TKM,2006,1.3195732
Turkmenistan,TKM,2007,1.4063607
Turkmenistan,TKM,2008,1.75
Turkmenistan,TKM,2009,1.95
Turkmenistan,TKM,2010,3.0
Turkmenistan,TKM,2011,5.0
Turkmenistan,TKM,2012,7.1958
Turkmenistan,TKM,2013,9.6
Turkmenistan,TKM,2014,12.2
Turkmenistan,TKM,2015,14.9968
Turkmenistan,TKM,2016,17.9903
Ukraine,UKR,1990,0.0
Ukraine,UKR,1993,0.000777
Ukraine,UKR,1994,0.0136
Ukraine,UKR,1995,0.0431
Ukraine,UKR,1996,0.0986
Ukraine,UKR,1997,0.199
Ukraine,UKR,1998,0.301
Ukraine,UKR,1999,0.405
Ukraine,UKR,2000,0.7161838
Ukraine,UKR,2001,1.2387595
Ukraine,UKR,2002,1.8738852
Ukraine,UKR,2003,3.1481276
Ukraine,UKR,2004,3.4894779
Ukraine,UKR,2005,3.7498
Ukraine,UKR,2006,4.5061245
Ukraine,UKR,2007,6.55
Ukraine,UKR,2008,11.0
Ukraine,UKR,2009,17.9
Ukraine,UKR,2010,23.3
Ukraine,UKR,2011,28.708263
Ukraine,UKR,2012,35.27
Ukraine,UKR,2013,40.95413
Ukraine,UKR,2014,46.235977
Ukraine,UKR,2015,48.884644
Ukraine,UKR,2016,53.00097
Ukraine,UKR,2017,58.88948
Ukraine,UKR,2018,62.553154
Ukraine,UKR,2019,70.12485
Ukraine,UKR,2020,75.03791
Ukraine,UKR,2021,79.21829
Ukraine,UKR,2022,80.4743
Ukraine,UKR,2023,81.5806
Ukraine,UKR,2024,82.4749
Uzbekistan,UZB,1990,0.0
Uzbekistan,UZB,1995,0.00153
Uzbekistan,UZB,1996,0.00429
Uzbekistan,UZB,1997,0.0105
Uzbekistan,UZB,1998,0.0208
Uzbekistan,UZB,1999,0.0307
Uzbekistan,UZB,2000,0.4843473
Uzbekistan,UZB,2001,0.597568
Uzbekistan,UZB,2002,1.0819397
Uzbekistan,UZB,2003,1.9125952
Uzbekistan,UZB,2004,2.5937254
Uzbekistan,UZB,2005,3.34351
Uzbekistan,UZB,2006,6.388322
Uzbekistan,UZB,2007,7.490605
Uzbekistan,UZB,2008,9.080114
Uzbekistan,UZB,2009,11.9
Uzbekistan,UZB,2010,15.9
Uzbekistan,UZB,2011,18.6
Uzbekistan,UZB,2012,23.6
Uzbekistan,UZB,2013,26.8
Uzbekistan,UZB,2014,35.5
Uzbekistan,UZB,2015,42.8
Uzbekistan,UZB,2016,46.7913
Uzbekistan,UZB,2017,48.699997
Uzbekistan,UZB,2018,55.2
Uzbekistan,UZB,2019,70.4
Uzbekistan,UZB,2020,71.1
Uzbekistan,UZB,2021,76.59043
Uzbekistan,UZB,2022,83.9
Uzbekistan,UZB,2023,89.01361
Uzbekistan,UZB,2024,89.5055
World,OWID_WRL,2005,15.6
World,OWID_WRL,2006,17.2
World,OWID_WRL,2007,20.2
World,OWID_WRL,2008,22.8
World,OWID_WRL,2009,25.3
World,OWID_WRL,2010,28.4
World,OWID_WRL,2011,30.9
World,OWID_WRL,2012,33.3
World,OWID_WRL,2013,35.3
World,OWID_WRL,2014,37.4
World,OWID_WRL,2015,39.9
World,OWID_WRL,2016,43.6
World,OWID_WRL,2017,46.3
World,OWID_WRL,2018,49.4
World,OWID_WRL,2019,53.9
World,OWID_WRL,2020,60.1
World,OWID_WRL,2021,63.8
World,OWID_WRL,2022,67.0
World,OWID_WRL,2023,69.2
World,OWID_WRL,2024,71.2
World,OWID_WRL,2025,73.6
