entity,code,year,it_cel_sets_p2
Armenia,ARM,1980,0.0
Armenia,ARM,1981,0.0
Armenia,ARM,1982,0.0
Armenia,ARM,1983,0.0
Armenia,ARM,1984,0.0
Armenia,ARM,1985,0.0
Armenia,ARM,1986,0.0
Armenia,ARM,1987,0.0
Armenia,ARM,1988,0.0
Armenia,ARM,1989,0.0
Armenia,ARM,1990,0.0
Armenia,ARM,1991,0.0
Armenia,ARM,1992,0.0
Armenia,ARM,1993,0.0
Armenia,ARM,1994,0.0
Armenia,ARM,1995,0.0
Armenia,ARM,1996,0.009093946
Armenia,ARM,1997,0.15283892
Armenia,ARM,1998,0.24165651
Armenia,ARM,1999,0.2545516
Armenia,ARM,2000,0.5594396
Armenia,ARM,2001,0.8268844
Armenia,ARM,2002,2.3350012
Armenia,ARM,2003,3.7637448
Armenia,ARM,2004,6.7264266
Armenia,ARM,2005,10.579071
Armenia,ARM,2006,42.127197
Armenia,ARM,2007,63.076477
Armenia,ARM,2008,48.71638
Armenia,ARM,2009,74.4012
Armenia,ARM,2010,131.87483
Armenia,ARM,2011,109.85006
Armenia,ARM,2012,113.69736
Armenia,ARM,2013,114.499725
Armenia,ARM,2014,118.36542
Armenia,ARM,2015,118.59911
Armenia,ARM,2016,117.6708
Armenia,ARM,2017,119.676445
Armenia,ARM,2018,123.0
Armenia,ARM,2019,124.6137
Armenia,ARM,2020,120.68237
Armenia,ARM,2021,125.395134
Armenia,ARM,2022,130.54007
Armenia,ARM,2023,134.51996
Armenia,ARM,2024,134.88695
Azerbaijan,AZE,1980,0.0
Azerbaijan,AZE,1981,0.0
Azerbaijan,AZE,1982,0.0
Azerbaijan,AZE,1983,0.0
Azerbaijan,AZE,1984,0.0
Azerbaijan,AZE,1985,0.0
Azerbaijan,AZE,1986,0.0
Azerbaijan,AZE,1987,0.0
Azerbaijan,AZE,1988,0.0
Azerbaijan,AZE,1989,0.0
Azerbaijan,AZE,1990,0.0
Azerbaijan,AZE,1991,0.0
Azerbaijan,AZE,1992,0.0
Azerbaijan,AZE,1993,0.0
Azerbaijan,AZE,1994,0.006392325
Azerbaijan,AZE,1995,0.076052085
Azerbaijan,AZE,1996,0.21386063
Azerbaijan,AZE,1997,0.49999613
Azerbaijan,AZE,1998,0.8083475
Azerbaijan,AZE,1999,4.567084
Azerbaijan,AZE,2000,5.142643
Azerbaijan,AZE,2001,8.846586
Azerbaijan,AZE,2002,9.538642
Azerbaijan,AZE,2003,12.58373
Azerbaijan,AZE,2004,17.156002
Azerbaijan,AZE,2005,26.078112
Azerbaijan,AZE,2006,38.151245
Azerbaijan,AZE,2007,51.187595
Azerbaijan,AZE,2008,73.222244
Azerbaijan,AZE,2009,85.74875
Azerbaijan,AZE,2010,99.48903
Azerbaijan,AZE,2011,109.33385
Azerbaijan,AZE,2012,107.98853
Azerbaijan,AZE,2013,106.58318
Azerbaijan,AZE,2014,109.566696
Azerbaijan,AZE,2015,109.68211
Azerbaijan,AZE,2016,103.24846
Azerbaijan,AZE,2017,101.589905
Azerbaijan,AZE,2018,102.987274
Azerbaijan,AZE,2019,106.32834
Azerbaijan,AZE,2020,101.59668
Azerbaijan,AZE,2021,105.69356
Azerbaijan,AZE,2022,107.506294
Azerbaijan,AZE,2023,107.68673
Azerbaijan,AZE,2024,109.54315
Belarus,BLR,1980,0.0
Belarus,BLR,1981,0.0
Belarus,BLR,1982,0.0
Belarus,BLR,1983,0.0
Belarus,BLR,1984,0.0
Belarus,BLR,1985,0.0
Belarus,BLR,1986,0.0
Belarus,BLR,1987,0.0
Belarus,BLR,1988,0.0
Belarus,BLR,1989,0.0
Belarus,BLR,1990,0.0
Belarus,BLR,1991,0.0
Belarus,BLR,1992,0.0
Belarus,BLR,1993,0.00309146
Belarus,BLR,1994,0.016457615
Belarus,BLR,1995,0.056367535
Belarus,BLR,1996,0.062741585
Belarus,BLR,1997,0.07852187
Belarus,BLR,1998,0.11735496
Belarus,BLR,1999,0.22755487
Belarus,BLR,2000,0.4939591
Belarus,BLR,2001,1.3919108
Belarus,BLR,2002,4.685596
Belarus,BLR,2003,11.404468
Belarus,BLR,2004,23.00222
Belarus,BLR,2005,42.403484
Belarus,BLR,2006,62.031406
Belarus,BLR,2007,72.779495
Belarus,BLR,2008,85.29431
Belarus,BLR,2009,101.88132
Belarus,BLR,2010,108.87335
Belarus,BLR,2011,112.901924
Belarus,BLR,2012,112.82242
Belarus,BLR,2013,117.43352
Belarus,BLR,2014,120.36607
Belarus,BLR,2015,120.669624
Belarus,BLR,2016,120.43151
Belarus,BLR,2017,120.212654
Belarus,BLR,2018,122.569756
Belarus,BLR,2019,123.22981
Belarus,BLR,2020,125.164734
Belarus,BLR,2021,127.11732
Belarus,BLR,2022,128.315
Belarus,BLR,2023,128.97917
Belarus,BLR,2024,131.12302
Europe and Central Asia (WB),WB_ECA,1980,0.0030000084
Europe and Central Asia (WB),WB_ECA,1981,0.006386481
Europe and Central Asia (WB),WB_ECA,1982,0.010013844
Europe and Central Asia (WB),WB_ECA,1983,0.015550997
Europe and Central Asia (WB),WB_ECA,1984,0.023952475
Europe and Central Asia (WB),WB_ECA,1985,0.04190231
Europe and Central Asia (WB),WB_ECA,1986,0.06882406
Europe and Central Asia (WB),WB_ECA,1987,0.11644895
Europe and Central Asia (WB),WB_ECA,1988,0.19207953
Europe and Central Asia (WB),WB_ECA,1989,0.30154347
Europe and Central Asia (WB),WB_ECA,1990,0.4152862
Europe and Central Asia (WB),WB_ECA,1991,0.5650371
Europe and Central Asia (WB),WB_ECA,1992,0.7450369
Europe and Central Asia (WB),WB_ECA,1993,1.1039242
Europe and Central Asia (WB),WB_ECA,1994,1.796089
Europe and Central Asia (WB),WB_ECA,1995,2.8480241
Europe and Central Asia (WB),WB_ECA,1996,4.4803476
Europe and Central Asia (WB),WB_ECA,1997,7.188575
Europe and Central Asia (WB),WB_ECA,1998,12.277756
Europe and Central Asia (WB),WB_ECA,1999,21.331846
Europe and Central Asia (WB),WB_ECA,2000,34.14269
Europe and Central Asia (WB),WB_ECA,2001,42.03458
Europe and Central Asia (WB),WB_ECA,2002,47.700405
Europe and Central Asia (WB),WB_ECA,2003,55.198277
Europe and Central Asia (WB),WB_ECA,2004,66.286385
Europe and Central Asia (WB),WB_ECA,2005,81.21019
Europe and Central Asia (WB),WB_ECA,2006,94.77285
Europe and Central Asia (WB),WB_ECA,2007,106.50295
Europe and Central Asia (WB),WB_ECA,2008,115.166756
Europe and Central Asia (WB),WB_ECA,2009,119.5262
Europe and Central Asia (WB),WB_ECA,2010,120.330734
Europe and Central Asia (WB),WB_ECA,2011,120.44394
Europe and Central Asia (WB),WB_ECA,2012,122.57837
Europe and Central Asia (WB),WB_ECA,2013,125.05937
Europe and Central Asia (WB),WB_ECA,2014,124.878334
Europe and Central Asia (WB),WB_ECA,2015,124.0
Europe and Central Asia (WB),WB_ECA,2016,123.6
Europe and Central Asia (WB),WB_ECA,2017,122.7
Europe and Central Asia (WB),WB_ECA,2018,122.6
Europe and Central Asia (WB),WB_ECA,2019,125.0
Europe and Central Asia (WB),WB_ECA,2020,123.3
Europe and Central Asia (WB),WB_ECA,2021,126.0
Europe and Central Asia (WB),WB_ECA,2022,126.6
Europe and Central Asia (WB),WB_ECA,2023,130.2
Europe and Central Asia (WB),WB_ECA,2024,132.4
Europe and Central Asia (WB),WB_ECA,2025,134.6
Georgia,GEO,1980,0.0
Georgia,GEO,1981,0.0
Georgia,GEO,1982,0.0
Georgia,GEO,1983,0.0
Georgia,GEO,1984,0.0
Georgia,GEO,1985,0.0
Georgia,GEO,1986,0.0
Georgia,GEO,1987,0.0
Georgia,GEO,1988,0.0
Georgia,GEO,1989,0.0
Georgia,GEO,1990,0.0
Georgia,GEO,1991,0.0
Georgia,GEO,1992,0.0
Georgia,GEO,1993,0.0
Georgia,GEO,1994,0.0
Georgia,GEO,1995,0.003075235
Georgia,GEO,1996,0.04830642
Georgia,GEO,1997,0.64654726
Georgia,GEO,1998,1.3279022
Georgia,GEO,1999,3.03204
Georgia,GEO,2000,4.499189
Georgia,GEO,2001,7.15803
Georgia,GEO,2002,12.200528
Georgia,GEO,2003,17.408566
Georgia,GEO,2004,20.725588
Georgia,GEO,2005,29.167158
Georgia,GEO,2006,42.633533
Georgia,GEO,2007,65.52376
Georgia,GEO,2008,69.90486
Georgia,GEO,2009,72.392006
Georgia,GEO,2010,102.1129
Georgia,GEO,2011,114.51693
Georgia,GEO,2012,122.38415
Georgia,GEO,2013,131.0831
Georgia,GEO,2014,142.39087
Georgia,GEO,2015,146.3965
Georgia,GEO,2016,145.88058
Georgia,GEO,2017,145.0725
Georgia,GEO,2018,143.85812
Georgia,GEO,2019,141.75542
Georgia,GEO,2020,134.36601
Georgia,GEO,2021,146.56647
Georgia,GEO,2022,154.01357
Georgia,GEO,2023,155.24997
Georgia,GEO,2024,161.20178
Kazakhstan,KAZ,1980,0.0
Kazakhstan,KAZ,1981,0.0
Kazakhstan,KAZ,1982,0.0
Kazakhstan,KAZ,1983,0.0
Kazakhstan,KAZ,1984,0.0
Kazakhstan,KAZ,1985,0.0
Kazakhstan,KAZ,1986,0.0
Kazakhstan,KAZ,1987,0.0
Kazakhstan,KAZ,1988,0.0
Kazakhstan,KAZ,1989,0.0
Kazakhstan,KAZ,1990,0.0
Kazakhstan,KAZ,1991,0.0
Kazakhstan,KAZ,1992,0.0
Kazakhstan,KAZ,1993,0.0
Kazakhstan,KAZ,1994,0.002388466
Kazakhstan,KAZ,1995,0.0279902
Kazakhstan,KAZ,1996,0.060690347
Kazakhstan,KAZ,1997,0.07080717
Kazakhstan,KAZ,1998,0.19193171
Kazakhstan,KAZ,1999,0.32445708
Kazakhstan,KAZ,2000,1.2728126
Kazakhstan,KAZ,2001,3.7366257
Kazakhstan,KAZ,2002,6.5595016
Kazakhstan,KAZ,2003,8.450485
Kazakhstan,KAZ,2004,15.438331
Kazakhstan,KAZ,2005,33.804863
Kazakhstan,KAZ,2006,48.28536
Kazakhstan,KAZ,2007,75.7982
Kazakhstan,KAZ,2008,90.77132
Kazakhstan,KAZ,2009,102.66762
Kazakhstan,KAZ,2010,115.23917
Kazakhstan,KAZ,2011,147.90108
Kazakhstan,KAZ,2012,174.70944
Kazakhstan,KAZ,2013,172.95529
Kazakhstan,KAZ,2014,160.5026
Kazakhstan,KAZ,2015,145.4825
Kazakhstan,KAZ,2016,139.05116
Kazakhstan,KAZ,2017,143.1128
Kazakhstan,KAZ,2018,137.67484
Kazakhstan,KAZ,2019,133.87973
Kazakhstan,KAZ,2020,124.69846
Kazakhstan,KAZ,2021,123.94394
Kazakhstan,KAZ,2022,125.64159
Kazakhstan,KAZ,2023,127.11478
Kazakhstan,KAZ,2024,127.08515
Kyrgyzstan,KGZ,1980,0.0
Kyrgyzstan,KGZ,1981,0.0
Kyrgyzstan,KGZ,1982,0.0
Kyrgyzstan,KGZ,1983,0.0
Kyrgyzstan,KGZ,1984,0.0
Kyrgyzstan,KGZ,1985,0.0
Kyrgyzstan,KGZ,1986,0.0
Kyrgyzstan,KGZ,1987,0.0
Kyrgyzstan,KGZ,1988,0.0
Kyrgyzstan,KGZ,1989,0.0
Kyrgyzstan,KGZ,1990,0.0
Kyrgyzstan,KGZ,1991,0.0
Kyrgyzstan,KGZ,1992,0.0
Kyrgyzstan,KGZ,1993,0.0
Kyrgyzstan,KGZ,1994,0.0
Kyrgyzstan,KGZ,1995,0.0
Kyrgyzstan,KGZ,1996,0.0
Kyrgyzstan,KGZ,1997,0.0
Kyrgyzstan,KGZ,1998,0.028064124
Kyrgyzstan,KGZ,1999,0.052757677
Kyrgyzstan,KGZ,2000,0.1790993
Kyrgyzstan,KGZ,2001,0.532339
Kyrgyzstan,KGZ,2002,1.037556
Kyrgyzstan,KGZ,2003,2.6801257
Kyrgyzstan,KGZ,2004,5.0619435
Kyrgyzstan,KGZ,2005,10.324394
Kyrgyzstan,KGZ,2006,23.885817
Kyrgyzstan,KGZ,2007,40.808937
Kyrgyzstan,KGZ,2008,63.528374
Kyrgyzstan,KGZ,2009,83.12555
Kyrgyzstan,KGZ,2010,96.06166
Kyrgyzstan,KGZ,2011,112.20071
Kyrgyzstan,KGZ,2012,119.333435
Kyrgyzstan,KGZ,2013,116.21789
Kyrgyzstan,KGZ,2014,128.2305
Kyrgyzstan,KGZ,2015,126.28437
Kyrgyzstan,KGZ,2016,124.63903
Kyrgyzstan,KGZ,2017,136.13765
Kyrgyzstan,KGZ,2018,137.74228
Kyrgyzstan,KGZ,2019,132.77669
Kyrgyzstan,KGZ,2020,109.780106
Kyrgyzstan,KGZ,2021,108.17165
Kyrgyzstan,KGZ,2022,106.92597
Kyrgyzstan,KGZ,2023,108.59119
Kyrgyzstan,KGZ,2024,107.492294
Moldova,MDA,1980,0.0
Moldova,MDA,1981,0.0
Moldova,MDA,1982,0.0
Moldova,MDA,1983,0.0
Moldova,MDA,1984,0.0
Moldova,MDA,1985,0.0
Moldova,MDA,1986,0.0
Moldova,MDA,1987,0.0
Moldova,MDA,1988,0.0
Moldova,MDA,1989,0.0
Moldova,MDA,1990,0.0
Moldova,MDA,1991,0.0
Moldova,MDA,1992,0.0
Moldova,MDA,1993,0.0
Moldova,MDA,1994,0.0
Moldova,MDA,1995,0.000313815
Moldova,MDA,1996,0.02076658
Moldova,MDA,1997,0.05007067
Moldova,MDA,1998,0.16078891
Moldova,MDA,1999,0.41822165
Moldova,MDA,2000,3.282198
Moldova,MDA,2001,5.370223
Moldova,MDA,2002,8.163908
Moldova,MDA,2003,11.621326
Moldova,MDA,2004,19.448093
Moldova,MDA,2005,27.322397
Moldova,MDA,2006,34.63511
Moldova,MDA,2007,48.886948
Moldova,MDA,2008,64.11995
Moldova,MDA,2009,57.644035
Moldova,MDA,2010,70.22571
Moldova,MDA,2011,90.441956
Moldova,MDA,2012,102.918976
Moldova,MDA,2013,108.45169
Moldova,MDA,2014,111.82921
Moldova,MDA,2015,112.95868
Moldova,MDA,2016,117.00837
Moldova,MDA,2017,117.321045
Moldova,MDA,2018,115.32
Moldova,MDA,2019,116.10519
Moldova,MDA,2020,111.44467
Moldova,MDA,2021,128.98364
Moldova,MDA,2022,137.18256
Moldova,MDA,2023,129.54608
Moldova,MDA,2024,120.08349
Russia,RUS,1980,0.0
Russia,RUS,1981,0.0
Russia,RUS,1982,0.0
Russia,RUS,1983,0.0
Russia,RUS,1984,0.0
Russia,RUS,1985,0.0
Russia,RUS,1986,0.0
Russia,RUS,1987,0.0
Russia,RUS,1988,0.0
Russia,RUS,1989,0.0
Russia,RUS,1990,0.0
Russia,RUS,1991,0.000202709
Russia,RUS,1992,0.00404671
Russia,RUS,1993,0.006739744
Russia,RUS,1994,0.01870179
Russia,RUS,1995,0.059723075
Russia,RUS,1996,0.1506558
Russia,RUS,1997,0.3282224
Russia,RUS,1998,0.50702834
Russia,RUS,1999,0.932935
Russia,RUS,2000,2.224134
Russia,RUS,2001,5.3043
Russia,RUS,2002,12.065792
Russia,RUS,2003,24.785025
Russia,RUS,2004,50.779842
Russia,RUS,2005,82.98877
Russia,RUS,2006,104.55997
Russia,RUS,2007,119.00478
Russia,RUS,2008,138.73846
Russia,RUS,2009,159.90227
Russia,RUS,2010,165.13712
Russia,RUS,2011,141.45123
Russia,RUS,2012,144.1982
Russia,RUS,2013,150.96417
Russia,RUS,2014,152.51294
Russia,RUS,2015,156.41856
Russia,RUS,2016,157.17398
Russia,RUS,2017,155.48576
Russia,RUS,2018,156.6829
Russia,RUS,2019,163.6463
Russia,RUS,2020,163.10112
Russia,RUS,2021,169.07262
Russia,RUS,2022,168.47583
Russia,RUS,2023,180.84178
Russia,RUS,2024,186.10379
Tajikistan,TJK,1980,0.0
Tajikistan,TJK,1981,0.0
Tajikistan,TJK,1982,0.0
Tajikistan,TJK,1983,0.0
Tajikistan,TJK,1984,0.0
Tajikistan,TJK,1985,0.0
Tajikistan,TJK,1986,0.0
Tajikistan,TJK,1987,0.0
Tajikistan,TJK,1988,0.0
Tajikistan,TJK,1989,0.0
Tajikistan,TJK,1990,0.0
Tajikistan,TJK,1991,0.0
Tajikistan,TJK,1992,0.0
Tajikistan,TJK,1993,0.0
Tajikistan,TJK,1994,0.0
Tajikistan,TJK,1995,0.0
Tajikistan,TJK,1996,0.001689973
Tajikistan,TJK,1997,0.005231264
Tajikistan,TJK,1998,0.006821721
Tajikistan,TJK,1999,0.01009764
Tajikistan,TJK,2000,0.01845742
Tajikistan,TJK,2001,0.025439426
Tajikistan,TJK,2002,0.2020923
Tajikistan,TJK,2003,0.715123
Tajikistan,TJK,2004,1.9880579
Tajikistan,TJK,2005,3.8268695
Tajikistan,TJK,2006,30.46376
Tajikistan,TJK,2007,29.644545
Tajikistan,TJK,2008,50.05885
Tajikistan,TJK,2009,65.41855
Tajikistan,TJK,2010,77.63634
Tajikistan,TJK,2011,80.820114
Tajikistan,TJK,2012,81.4566
Tajikistan,TJK,2013,91.728775
Tajikistan,TJK,2014,94.93858
Tajikistan,TJK,2015,98.208664
Tajikistan,TJK,2016,106.02742
Tajikistan,TJK,2017,109.00351
Tajikistan,TJK,2018,107.44216
Tajikistan,TJK,2019,115.37292
Tajikistan,TJK,2020,62.282623
Tajikistan,TJK,2021,64.08747
Tajikistan,TJK,2022,63.844208
Tajikistan,TJK,2023,76.21589
Turkmenistan,TKM,1980,0.0
Turkmenistan,TKM,1981,0.0
Turkmenistan,TKM,1982,0.0
Turkmenistan,TKM,1983,0.0
Turkmenistan,TKM,1984,0.0
Turkmenistan,TKM,1985,0.0
Turkmenistan,TKM,1986,0.0
Turkmenistan,TKM,1987,0.0
Turkmenistan,TKM,1988,0.0
Turkmenistan,TKM,1989,0.0
Turkmenistan,TKM,1990,0.0
Turkmenistan,TKM,1991,0.0
Turkmenistan,TKM,1992,0.0
Turkmenistan,TKM,1993,0.0
Turkmenistan,TKM,1994,0.0
Turkmenistan,TKM,1995,0.0
Turkmenistan,TKM,1996,0.0
Turkmenistan,TKM,1997,0.0572912
Turkmenistan,TKM,1998,0.06769689
Turkmenistan,TKM,1999,0.08886756
Turkmenistan,TKM,2000,0.1636598
Turkmenistan,TKM,2001,0.17480823
Turkmenistan,TKM,2002,0.17136094
Turkmenistan,TKM,2003,0.18888271
Turkmenistan,TKM,2004,1.0104692
Turkmenistan,TKM,2005,2.078279
Turkmenistan,TKM,2006,4.2133975
Turkmenistan,TKM,2007,7.2781587
Turkmenistan,TKM,2008,21.23749
Turkmenistan,TKM,2009,39.12417
Turkmenistan,TKM,2010,57.4662
Turkmenistan,TKM,2011,93.25376
Turkmenistan,TKM,2012,101.57447
Turkmenistan,TKM,2013,103.130974
Turkmenistan,TKM,2014,118.6134
Turkmenistan,TKM,2015,126.16297
Turkmenistan,TKM,2016,134.82617
Turkmenistan,TKM,2018,87.77297
Turkmenistan,TKM,2019,88.20994
Turkmenistan,TKM,2020,88.70295
Turkmenistan,TKM,2021,88.19294
Ukraine,UKR,1980,0.0
Ukraine,UKR,1981,0.0
Ukraine,UKR,1982,0.0
Ukraine,UKR,1983,0.0
Ukraine,UKR,1984,0.0
Ukraine,UKR,1985,0.0
Ukraine,UKR,1986,0.0
Ukraine,UKR,1987,0.0
Ukraine,UKR,1988,0.0
Ukraine,UKR,1989,0.0
Ukraine,UKR,1990,0.0
Ukraine,UKR,1991,0.0
Ukraine,UKR,1992,0.0
Ukraine,UKR,1993,0.000126662
Ukraine,UKR,1994,0.00977526
Ukraine,UKR,1995,0.027501844
Ukraine,UKR,1996,0.059309103
Ukraine,UKR,1997,0.113968484
Ukraine,UKR,1998,0.23216742
Ukraine,UKR,1999,0.43936604
Ukraine,UKR,2000,1.675927
Ukraine,UKR,2001,4.596007
Ukraine,UKR,2002,7.6963973
Ukraine,UKR,2003,13.657727
Ukraine,UKR,2004,29.089737
Ukraine,UKR,2005,64.00536
Ukraine,UKR,2006,105.276794
Ukraine,UKR,2007,119.08761
Ukraine,UKR,2008,120.55808
Ukraine,UKR,2009,119.45642
Ukraine,UKR,2010,117.76782
Ukraine,UKR,2011,121.941605
Ukraine,UKR,2012,130.85902
Ukraine,UKR,2013,138.44113
Ukraine,UKR,2014,144.27885
Ukraine,UKR,2015,142.00304
Ukraine,UKR,2016,133.16896
Ukraine,UKR,2017,131.3565
Ukraine,UKR,2018,127.75386
Ukraine,UKR,2019,130.62944
Ukraine,UKR,2020,129.34123
Ukraine,UKR,2021,135.0257
Ukraine,UKR,2022,120.26115
Ukraine,UKR,2023,133.38013
Uzbekistan,UZB,1980,0.0
Uzbekistan,UZB,1981,0.0
Uzbekistan,UZB,1982,0.0
Uzbekistan,UZB,1983,0.0
Uzbekistan,UZB,1984,0.0
Uzbekistan,UZB,1985,0.0
Uzbekistan,UZB,1986,0.0
Uzbekistan,UZB,1987,0.0
Uzbekistan,UZB,1988,0.0
Uzbekistan,UZB,1989,0.0
Uzbekistan,UZB,1990,0.0
Uzbekistan,UZB,1991,0.0
Uzbekistan,UZB,1992,0.0
Uzbekistan,UZB,1993,0.002263886
Uzbekistan,UZB,1994,0.003997388
Uzbekistan,UZB,1995,0.016203277
Uzbekistan,UZB,1996,0.04052685
Uzbekistan,UZB,1997,0.072169
Uzbekistan,UZB,1998,0.110591784
Uzbekistan,UZB,1999,0.16416486
Uzbekistan,UZB,2000,0.21433769
Uzbekistan,UZB,2001,0.5102055
Uzbekistan,UZB,2002,0.7358273
Uzbekistan,UZB,2003,1.2477608
Uzbekistan,UZB,2004,2.0903327
Uzbekistan,UZB,2005,2.7317247
Uzbekistan,UZB,2006,9.477363
Uzbekistan,UZB,2007,21.0203
Uzbekistan,UZB,2008,45.00955
Uzbekistan,UZB,2009,58.762737
Uzbekistan,UZB,2010,73.81232
Uzbekistan,UZB,2011,88.268456
Uzbekistan,UZB,2012,69.284935
Uzbekistan,UZB,2013,72.33196
Uzbekistan,UZB,2014,71.598465
Uzbekistan,UZB,2015,70.84151
Uzbekistan,UZB,2016,74.36698
Uzbekistan,UZB,2017,76.26049
Uzbekistan,UZB,2018,71.74437
Uzbekistan,UZB,2019,101.25983
Uzbekistan,UZB,2020,99.40639
Uzbekistan,UZB,2021,102.41009
Uzbekistan,UZB,2022,105.47164
Uzbekistan,UZB,2023,106.88485
Uzbekistan,UZB,2024,110.49202
World,OWID_WRL,1980,0.00053235854
World,OWID_WRL,1981,0.0014908091
World,OWID_WRL,1982,0.0023355952
World,OWID_WRL,1983,0.0033919048
World,OWID_WRL,1984,0.0068745855
World,OWID_WRL,1985,0.015903398
World,OWID_WRL,1986,0.029605433
World,OWID_WRL,1987,0.05098624
World,OWID_WRL,1988,0.08511321
World,OWID_WRL,1989,0.14208968
World,OWID_WRL,1990,0.21159427
World,OWID_WRL,1991,0.30229914
World,OWID_WRL,1992,0.4277416
World,OWID_WRL,1993,0.6191753
World,OWID_WRL,1994,0.991495
World,OWID_WRL,1995,1.5862496
World,OWID_WRL,1996,2.4996634
World,OWID_WRL,1997,3.6552563
World,OWID_WRL,1998,5.333583
World,OWID_WRL,1999,8.123129
World,OWID_WRL,2005,33.9
World,OWID_WRL,2006,41.7
World,OWID_WRL,2007,50.6
World,OWID_WRL,2008,59.7
World,OWID_WRL,2009,68.0
World,OWID_WRL,2010,76.6
World,OWID_WRL,2011,84.2
World,OWID_WRL,2012,88.5
World,OWID_WRL,2013,93.1
World,OWID_WRL,2014,96.7
World,OWID_WRL,2015,96.1
World,OWID_WRL,2016,99.3
World,OWID_WRL,2017,101.4
World,OWID_WRL,2018,103.1
World,OWID_WRL,2019,105.9
World,OWID_WRL,2020,104.8
World,OWID_WRL,2021,106.7
World,OWID_WRL,2022,108.0
World,OWID_WRL,2023,109.8
World,OWID_WRL,2024,110.4
World,OWID_WRL,2025,111.5
