"date","sp","eur"
"2016-09-26",2146.1,1.127
"2016-09-27",2159.93,1.1208
"2016-09-28",2171.37,1.12
"2016-09-29",2151.13,1.1244
"2016-09-30",2168.27,1.1238
"2016-10-03",2161.2,1.121
"2016-10-04",2150.49,1.1212
"2016-10-05",2159.73,1.1196
"2016-10-06",2160.77,1.1158
"2016-10-07",2153.74,1.1156
"2016-10-10",2163.66,NA
"2016-10-11",2136.73,1.1062
"2016-10-12",2139.18,1.1014
"2016-10-13",2132.55,1.1038
"2016-10-14",2132.98,1.0985
"2016-10-17",2126.5,1.1
"2016-10-18",2139.6,1.0997
"2016-10-19",2144.29,1.0966
"2016-10-20",2141.34,1.0934
"2016-10-21",2141.16,1.0866
"2016-10-24",2151.33,1.0888
"2016-10-25",2143.16,1.089
"2016-10-26",2139.43,1.0916
"2016-10-27",2133.04,1.0904
"2016-10-28",2126.41,1.0934
"2016-10-31",2126.15,1.0962
"2016-11-01",2111.72,1.1042
"2016-11-02",2097.94,1.1119
"2016-11-03",2088.66,1.1094
"2016-11-04",2085.18,1.1121
"2016-11-07",2131.52,1.1038
"2016-11-08",2139.56,1.1034
"2016-11-09",2163.26,1.0952
"2016-11-10",2167.48,1.0882
"2016-11-11",2164.45,NA
"2016-11-14",2164.2,1.0723
"2016-11-15",2180.39,1.0726
"2016-11-16",2176.94,1.0699
"2016-11-17",2187.12,1.0656
"2016-11-18",2181.9,1.06
"2016-11-21",2198.18,1.0597
"2016-11-22",2202.94,1.0618
"2016-11-23",2204.72,1.056
"2016-11-24",NA,NA
"2016-11-25",2213.35,1.0595
"2016-11-28",2201.72,1.0576
"2016-11-29",2204.66,1.0626
"2016-11-30",2198.81,1.0578
"2016-12-01",2191.08,1.0634
"2016-12-02",2191.95,1.0666
"2016-12-05",2204.71,1.0723
"2016-12-06",2212.23,1.0717
"2016-12-07",2241.35,1.0758
"2016-12-08",2246.19,1.0625
"2016-12-09",2259.53,1.0541
"2016-12-12",2256.96,1.0606
"2016-12-13",2271.72,1.0635
"2016-12-14",2253.28,1.0656
"2016-12-15",2262.03,1.0375
"2016-12-16",2258.07,1.0456
"2016-12-19",2262.53,1.0444
"2016-12-20",2270.76,1.039
"2016-12-21",2265.18,1.0425
"2016-12-22",2260.96,1.0452
"2016-12-23",2263.79,1.0449
"2016-12-26",NA,NA
"2016-12-27",2268.88,1.0458
"2016-12-28",2249.92,1.0389
"2016-12-29",2249.26,1.0486
"2016-12-30",2238.83,1.0552
"2017-01-02",NA,NA
"2017-01-03",2257.83,1.0416
"2017-01-04",2270.75,1.0476
"2017-01-05",2269,1.0598
"2017-01-06",2276.98,1.056
"2017-01-09",2268.9,1.0576
"2017-01-10",2268.9,1.0572
"2017-01-11",2275.32,1.0501
"2017-01-12",2270.44,1.0666
"2017-01-13",2274.64,1.0625
"2017-01-16",NA,NA
"2017-01-17",2267.89,1.0695
"2017-01-18",2271.89,1.0682
"2017-01-19",2263.69,1.063
"2017-01-20",2271.31,NA
"2017-01-23",2265.2,1.074
"2017-01-24",2280.07,1.0749
"2017-01-25",2298.37,1.0743
"2017-01-26",2296.68,1.067
"2017-01-27",2294.69,1.069
"2017-01-30",2280.9,1.0681
"2017-01-31",2278.87,1.0794
"2017-02-01",2279.55,1.0758
"2017-02-02",2280.85,1.0802
"2017-02-03",2297.42,1.0792
"2017-02-06",2292.56,1.0731
"2017-02-07",2293.08,1.069
"2017-02-08",2294.67,1.0708
"2017-02-09",2307.87,1.0658
"2017-02-10",2316.1,1.065
"2017-02-13",2328.25,1.0603
"2017-02-14",2337.58,1.0577
"2017-02-15",2349.25,1.0597
"2017-02-16",2347.22,1.066
"2017-02-17",2351.16,1.0614
"2017-02-20",NA,NA
"2017-02-21",2365.38,1.0551
"2017-02-22",2362.82,1.0555
"2017-02-23",2363.81,1.0586
"2017-02-24",2367.34,1.058
"2017-02-27",2369.75,1.0624
"2017-02-28",2363.64,1.0618
"2017-03-01",2395.96,1.0564
"2017-03-02",2381.92,1.0514
"2017-03-03",2383.12,1.0552
"2017-03-06",2375.31,1.0586
"2017-03-07",2368.39,1.0582
"2017-03-08",2362.98,1.0547
"2017-03-09",2364.87,1.0586
"2017-03-10",2372.6,1.0667
"2017-03-13",2373.47,1.067
"2017-03-14",2365.45,1.0645
"2017-03-15",2385.26,1.063
"2017-03-16",2381.38,1.0738
"2017-03-17",2378.25,1.0742
"2017-03-20",2373.47,1.0754
"2017-03-21",2344.02,1.081
"2017-03-22",2348.45,1.08
"2017-03-23",2345.96,1.0787
"2017-03-24",2343.98,1.0806
"2017-03-27",2341.59,1.0882
"2017-03-28",2358.57,1.0852
"2017-03-29",2361.13,1.0756
"2017-03-30",2368.06,1.0726
"2017-03-31",2362.72,1.0698
"2017-04-03",2358.84,1.0655
"2017-04-04",2360.16,1.0664
"2017-04-05",2352.95,1.0661
"2017-04-06",2357.49,1.0651
"2017-04-07",2355.54,1.0616
"2017-04-10",2357.16,1.0606
"2017-04-11",2353.78,1.0614
"2017-04-12",2344.93,1.0611
"2017-04-13",2328.95,1.063
"2017-04-14",NA,1.0625
"2017-04-17",2349.01,1.066
"2017-04-18",2342.19,1.0706
"2017-04-19",2338.17,1.0707
"2017-04-20",2355.84,1.0758
"2017-04-21",2348.69,1.0694
"2017-04-24",2374.15,1.0846
"2017-04-25",2388.61,1.0941
"2017-04-26",2387.45,1.0872
"2017-04-27",2388.77,1.0864
"2017-04-28",2384.2,1.0895
"2017-05-01",2388.33,1.0912
"2017-05-02",2391.17,1.091
"2017-05-03",2388.13,1.092
"2017-05-04",2389.52,1.0967
"2017-05-05",2399.29,1.0996
"2017-05-08",2399.38,1.0928
"2017-05-09",2396.92,1.0875
"2017-05-10",2399.63,1.0873
"2017-05-11",2394.44,1.0869
"2017-05-12",2390.9,1.0926
"2017-05-15",2402.32,1.0979
"2017-05-16",2400.67,1.1072
"2017-05-17",2357.03,1.1134
"2017-05-18",2365.72,1.113
"2017-05-19",2381.73,1.119
"2017-05-22",2394.02,1.1236
"2017-05-23",2398.42,1.1198
"2017-05-24",2404.39,1.1175
"2017-05-25",2415.07,1.1218
"2017-05-26",2415.82,1.117
"2017-05-29",NA,NA
"2017-05-30",2412.91,1.1183
"2017-05-31",2411.8,1.1236
"2017-06-01",2430.06,1.1214
"2017-06-02",2439.07,1.127
"2017-06-05",2436.1,1.125
"2017-06-06",2429.33,1.1266
"2017-06-07",2433.14,1.1236
"2017-06-08",2433.79,1.1217
"2017-06-09",2431.77,1.119
"2017-06-12",2429.39,1.1204
"2017-06-13",2440.35,1.1194
"2017-06-14",2437.92,1.1277
"2017-06-15",2432.46,1.1152
"2017-06-16",2433.15,1.1194
"2017-06-19",2453.46,1.116
"2017-06-20",2437.03,1.1124
"2017-06-21",2435.61,1.1143
"2017-06-22",2434.5,1.1148
"2017-06-23",2438.3,1.1196
"2017-06-26",2439.07,1.1196
"2017-06-27",2419.38,1.13
"2017-06-28",2440.69,1.1364
"2017-06-29",2419.7,1.142
"2017-06-30",2423.41,1.1411
"2017-07-03",2429.01,1.1367
"2017-07-04",NA,NA
"2017-07-05",2432.54,1.1336
"2017-07-06",2409.75,1.1409
"2017-07-07",2425.18,1.1396
"2017-07-10",2427.43,1.1396
"2017-07-11",2425.53,1.143
"2017-07-12",2443.25,1.1411
"2017-07-13",2447.83,1.1385
"2017-07-14",2459.27,1.1452
"2017-07-17",2459.14,1.147
"2017-07-18",2460.61,1.1578
"2017-07-19",2473.83,1.1518
"2017-07-20",2473.45,1.1634
"2017-07-21",2472.54,1.1655
"2017-07-24",2469.91,1.1642
"2017-07-25",2477.13,1.1656
"2017-07-26",2477.83,1.1632
"2017-07-27",2475.42,1.1656
"2017-07-28",2472.1,1.1754
"2017-07-31",2470.3,1.1826
"2017-08-01",2476.35,1.1799
"2017-08-02",2477.57,1.1861
"2017-08-03",2472.16,1.188
"2017-08-04",2476.83,1.1754
"2017-08-07",2480.91,1.1788
"2017-08-08",2474.92,1.1724
"2017-08-09",2474.02,1.1748
"2017-08-10",2438.21,1.1751
"2017-08-11",2441.32,1.1811
"2017-08-14",2465.84,1.1786
"2017-08-15",2464.61,1.1736
"2017-08-16",2468.11,1.1703
"2017-08-17",2430.01,1.1736
"2017-08-18",2425.55,1.1748
"2017-08-21",2428.37,1.1814
"2017-08-22",2452.51,1.1762
"2017-08-23",2444.04,1.1802
"2017-08-24",2438.97,1.1801
"2017-08-25",2443.05,1.1874
"2017-08-28",2444.24,1.1973
"2017-08-29",2446.3,1.2025
"2017-08-30",2457.59,1.1927
"2017-08-31",2471.65,1.1894
"2017-09-01",2476.55,1.1878
"2017-09-04",NA,NA
"2017-09-05",2457.85,1.1911
"2017-09-06",2465.54,1.1943
"2017-09-07",2465.1,1.2028
"2017-09-08",2461.43,1.2041
"2017-09-11",2488.11,1.1964
"2017-09-12",2496.48,1.1968
"2017-09-13",2498.37,1.1898
"2017-09-14",2495.62,1.1886
"2017-09-15",2500.23,1.1959
"2017-09-18",2503.87,1.1938
"2017-09-19",2506.65,1.198
"2017-09-20",2508.24,1.1998
"2017-09-21",2500.6,1.1946
"2017-09-22",2502.22,1.1969
"2017-09-25",2496.66,1.1852
"2017-09-26",2496.84,1.1772
"2017-09-27",2507.04,1.1747
"2017-09-28",2510.06,1.1776
"2017-09-29",2519.36,1.1813
"2017-10-02",2529.12,1.1745
"2017-10-03",2534.58,1.1759
"2017-10-04",2537.74,1.176
"2017-10-05",2552.07,1.1706
"2017-10-06",2549.33,1.1732
"2017-10-09",2544.73,NA
"2017-10-10",2550.64,1.1804
"2017-10-11",2555.24,1.1847
"2017-10-12",2550.93,1.184
"2017-10-13",2553.17,1.1837
"2017-10-16",2557.64,1.181
"2017-10-17",2559.36,1.1754
"2017-10-18",2561.26,1.1775
"2017-10-19",2562.1,1.1842
"2017-10-20",2575.21,1.177
"2017-10-23",2564.98,1.1762
"2017-10-24",2569.13,1.1766
"2017-10-25",2557.15,1.1802
"2017-10-26",2560.4,1.17
"2017-10-27",2581.07,1.158
"2017-10-30",2572.83,1.1626
"2017-10-31",2575.26,1.1648
"2017-11-01",2579.36,1.1618
"2017-11-02",2579.85,1.1672
"2017-11-03",2587.84,1.1616
"2017-11-06",2591.13,1.16
"2017-11-07",2590.64,1.1577
"2017-11-08",2594.38,1.1591
"2017-11-09",2584.62,1.1648
"2017-11-10",2582.3,NA
"2017-11-13",2584.84,1.1656
"2017-11-14",2578.87,1.1764
"2017-11-15",2564.62,1.1794
"2017-11-16",2585.64,1.1772
"2017-11-17",2578.85,1.1799
"2017-11-20",2582.14,1.1741
"2017-11-21",2599.03,1.1741
"2017-11-22",2597.08,1.1789
"2017-11-23",NA,NA
"2017-11-24",2602.42,1.1936
"2017-11-27",2601.42,1.1911
"2017-11-28",2627.04,1.1878
"2017-11-29",2626.07,1.1858
"2017-11-30",2647.58,1.1898
"2017-12-01",2642.22,1.191
"2017-12-04",2639.44,1.1848
"2017-12-05",2629.57,1.182
"2017-12-06",2629.27,1.1788
"2017-12-07",2636.98,1.179
"2017-12-08",2651.5,1.1761
"2017-12-11",2659.99,1.1802
"2017-12-12",2664.11,1.1725
"2017-12-13",2662.85,1.1762
"2017-12-14",2652.01,1.1778
"2017-12-15",2675.81,1.1778
"2017-12-18",2690.16,1.1804
"2017-12-19",2681.47,1.1822
"2017-12-20",2679.25,1.1881
"2017-12-21",2684.57,1.1872
"2017-12-22",2683.34,1.1839
"2017-12-25",NA,NA
"2017-12-26",2680.5,1.1867
"2017-12-27",2682.62,1.1902
"2017-12-28",2687.54,1.1952
"2017-12-29",2673.61,1.2022
"2018-01-01",NA,NA
"2018-01-02",2695.81,1.205
"2018-01-03",2713.06,1.203
"2018-01-04",2723.99,1.2064
"2018-01-05",2743.15,1.2039
"2018-01-08",2747.71,1.1973
"2018-01-09",2751.29,1.1922
"2018-01-10",2748.23,1.1958
"2018-01-11",2767.56,1.2035
"2018-01-12",2786.24,1.213
"2018-01-15",NA,NA
"2018-01-16",2776.42,1.2244
"2018-01-17",2802.56,1.2229
"2018-01-18",2798.03,1.2238
"2018-01-19",2810.3,1.2238
"2018-01-22",2832.97,1.223
"2018-01-23",2839.13,1.2277
"2018-01-24",2837.54,1.239
"2018-01-25",2839.25,1.2488
"2018-01-26",2872.87,1.2422
"2018-01-29",2853.53,1.2352
"2018-01-30",2822.43,1.239
"2018-01-31",2823.81,1.2428
"2018-02-01",2821.98,1.2482
"2018-02-02",2762.13,1.2446
"2018-02-05",2648.94,1.2418
"2018-02-06",2695.14,1.2381
"2018-02-07",2681.66,1.2281
"2018-02-08",2581,1.2238
"2018-02-09",2619.55,1.2226
"2018-02-12",2656,1.2267
"2018-02-13",2662.94,1.2363
"2018-02-14",2698.63,1.2396
"2018-02-15",2731.2,1.2482
"2018-02-16",2732.22,1.2442
"2018-02-19",NA,NA
"2018-02-20",2716.26,1.2348
"2018-02-21",2701.33,1.2314
"2018-02-22",2703.96,1.2326
"2018-02-23",2747.3,1.2298
"2018-02-26",2779.6,1.2296
"2018-02-27",2744.28,1.2239
"2018-02-28",2713.83,1.2211
"2018-03-01",2677.67,1.2216
"2018-03-02",2691.25,1.2314
"2018-03-05",2720.94,1.233
"2018-03-06",2728.12,1.2415
"2018-03-07",2726.8,1.2397
"2018-03-08",2738.97,1.2314
"2018-03-09",2786.57,1.2326
"2018-03-12",2783.02,1.2318
"2018-03-13",2765.31,1.2398
"2018-03-14",2749.48,1.2362
"2018-03-15",2747.33,1.2321
"2018-03-16",2752.01,1.228
"2018-03-19",2712.92,1.2329
"2018-03-20",2716.94,1.2271
"2018-03-21",2711.93,1.2268
"2018-03-22",2643.69,1.231
"2018-03-23",2588.26,1.236
"2018-03-26",2658.55,1.244
"2018-03-27",2612.62,1.241
"2018-03-28",2605,1.2351
"2018-03-29",2640.87,1.2297
"2018-03-30",NA,1.232
"2018-04-02",2581.88,1.2288
"2018-04-03",2614.45,1.2261
"2018-04-04",2644.69,1.2292
"2018-04-05",2662.84,1.223
"2018-04-06",2604.47,1.2274
"2018-04-09",2613.16,1.232
"2018-04-10",2656.87,1.2338
"2018-04-11",2642.19,1.2384
"2018-04-12",2663.99,1.232
"2018-04-13",2656.3,1.2322
"2018-04-16",2677.84,1.2373
"2018-04-17",2706.39,1.2345
"2018-04-18",2708.64,1.238
"2018-04-19",2693.13,1.2336
"2018-04-20",2670.14,1.2282
"2018-04-23",2670.29,1.2216
"2018-04-24",2634.56,1.2226
"2018-04-25",2639.4,1.2178
"2018-04-26",2666.94,1.2113
"2018-04-27",2669.91,1.2108
"2018-04-30",2648.05,1.2074
"2018-05-01",2654.8,1.2
"2018-05-02",2635.67,1.1968
"2018-05-03",2629.73,1.197
"2018-05-04",2663.42,1.1946
"2018-05-07",2672.63,1.1927
"2018-05-08",2671.92,1.1863
"2018-05-09",2697.79,1.1852
"2018-05-10",2723.07,1.1896
"2018-05-11",2727.72,1.1951
"2018-05-14",2730.13,1.1976
"2018-05-15",2711.45,1.1864
"2018-05-16",2722.46,1.1788
"2018-05-17",2720.13,1.1798
"2018-05-18",2712.97,1.1775
"2018-05-21",2733.01,1.1768
"2018-05-22",2724.44,1.1783
"2018-05-23",2733.29,1.1693
"2018-05-24",2727.76,1.1729
"2018-05-25",2721.33,1.1666
"2018-05-28",NA,NA
"2018-05-29",2689.86,1.1551
"2018-05-30",2724.01,1.1664
"2018-05-31",2705.27,1.167
"2018-06-01",2734.62,1.1679
"2018-06-04",2746.87,1.1696
"2018-06-05",2748.8,1.1672
"2018-06-06",2772.35,1.1778
"2018-06-07",2770.37,1.1815
"2018-06-08",2779.03,1.1773
"2018-06-11",2782,1.1802
"2018-06-12",2786.85,1.1792
"2018-06-13",2775.63,1.1784
"2018-06-14",2782.49,1.1634
"2018-06-15",2779.66,1.1616
"2018-06-18",2773.75,1.1606
"2018-06-19",2762.59,1.1577
"2018-06-20",2767.32,1.1592
"2018-06-21",2749.76,1.16
"2018-06-22",2754.88,1.163
"2018-06-25",2717.07,1.1694
"2018-06-26",2723.06,1.1675
"2018-06-27",2699.63,1.1588
"2018-06-28",2716.31,1.1582
"2018-06-29",2718.37,1.1677
"2018-07-02",2726.71,1.1604
"2018-07-03",2713.22,1.1653
"2018-07-04",NA,NA
"2018-07-05",2736.61,1.1697
"2018-07-06",2759.82,1.1738
"2018-07-09",2784.17,1.1744
"2018-07-10",2793.84,1.1728
"2018-07-11",2774.02,1.1722
"2018-07-12",2798.29,1.1692
"2018-07-13",2801.31,1.1667
"2018-07-16",2798.43,1.171
"2018-07-17",2809.55,1.1664
"2018-07-18",2815.62,1.1645
"2018-07-19",2804.49,1.1604
"2018-07-20",2801.83,1.1708
"2018-07-23",2806.98,1.1702
"2018-07-24",2820.4,1.1684
"2018-07-25",2846.07,1.1677
"2018-07-26",2837.44,1.1654
"2018-07-27",2818.82,1.166
"2018-07-30",2802.6,1.1718
"2018-07-31",2816.29,1.1706
"2018-08-01",2813.36,1.1666
"2018-08-02",2827.22,1.1612
"2018-08-03",2840.35,1.1597
"2018-08-06",2850.4,1.1564
"2018-08-07",2858.45,1.1597
"2018-08-08",2857.7,1.1598
"2018-08-09",2853.58,1.1566
"2018-08-10",2833.28,1.1399
"2018-08-13",2821.93,1.1396
"2018-08-14",2839.96,1.1351
"2018-08-15",2818.37,1.1332
"2018-08-16",2840.69,1.1388
"2018-08-17",2850.13,1.141
"2018-08-20",2857.05,1.1438
"2018-08-21",2862.96,1.1534
"2018-08-22",2861.82,1.1595
"2018-08-23",2856.98,1.1567
"2018-08-24",2874.69,1.1625
"2018-08-27",2896.74,1.1676
"2018-08-28",2897.52,1.172
"2018-08-29",2914.04,1.1699
"2018-08-30",2901.13,1.1646
"2018-08-31",2901.52,1.1596
"2018-09-03",NA,NA
"2018-09-04",2896.72,1.1566
"2018-09-05",2888.6,1.162
"2018-09-06",2878.05,1.1624
"2018-09-07",2871.68,1.1572
"2018-09-10",2877.13,1.1604
"2018-09-11",2887.89,1.1591
"2018-09-12",2888.92,1.1626
"2018-09-13",2904.18,1.1672
"2018-09-14",2904.98,1.1656
"2018-09-17",2888.8,1.1687
"2018-09-18",2904.31,1.1693
"2018-09-19",2907.95,1.1685
"2018-09-20",2930.75,1.1744
"2018-09-21",2929.67,1.1739
"2018-09-24",2919.37,1.1773
"2018-09-25",2915.56,1.177
"2018-09-26",2905.97,1.1758
"2018-09-27",2914,1.167
"2018-09-28",2913.98,1.1622
"2018-10-01",2924.59,1.1567
"2018-10-02",2923.43,1.156
"2018-10-03",2925.51,1.1525
"2018-10-04",2901.61,1.1508
"2018-10-05",2885.57,1.1502
"2018-10-08",2884.43,NA
"2018-10-09",2880.34,1.1482
"2018-10-10",2785.68,1.1541
"2018-10-11",2728.37,1.1565
"2018-10-12",2767.13,1.1559
"2018-10-15",2750.79,1.1594
"2018-10-16",2809.92,1.1593
"2018-10-17",2809.21,1.154
"2018-10-18",2768.78,1.1494
"2018-10-19",2767.78,1.1513
"2018-10-22",2755.88,1.1467
"2018-10-23",2740.69,1.148
"2018-10-24",2656.1,1.1389
"2018-10-25",2705.57,1.1374
"2018-10-26",2658.69,1.1388
"2018-10-29",2641.25,1.139
"2018-10-30",2682.63,1.1364
"2018-10-31",2711.74,1.1332
"2018-11-01",2740.37,1.1396
"2018-11-02",2723.06,1.1378
"2018-11-05",2738.31,1.1394
"2018-11-06",2755.45,1.1412
"2018-11-07",2813.89,1.1459
"2018-11-08",2806.83,1.1416
"2018-11-09",2781.01,1.1325
"2018-11-12",2726.22,NA
"2018-11-13",2722.18,1.1288
"2018-11-14",2701.58,1.1312
"2018-11-15",2730.2,1.1324
"2018-11-16",2736.27,1.1402
"2018-11-19",2690.73,1.1448
"2018-11-20",2641.89,1.1391
"2018-11-21",2649.93,1.1393
"2018-11-22",NA,NA
"2018-11-23",2632.56,1.1332
"2018-11-26",2673.45,1.1336
"2018-11-27",2682.17,1.1281
"2018-11-28",2743.79,1.1286
"2018-11-29",2737.76,1.1382
"2018-11-30",2760.17,1.1323
"2018-12-03",2790.37,1.1356
"2018-12-04",2700.06,1.1345
"2018-12-05",NA,NA
"2018-12-06",2695.95,1.1374
"2018-12-07",2633.08,1.139
"2018-12-10",2637.72,1.1368
"2018-12-11",2636.78,1.1314
"2018-12-12",2651.07,1.1362
"2018-12-13",2650.54,1.1358
"2018-12-14",2599.95,1.13
"2018-12-17",2545.94,1.1339
"2018-12-18",2546.16,1.1364
"2018-12-19",2506.96,1.1422
"2018-12-20",2467.42,1.1432
"2018-12-21",2416.62,1.1402
"2018-12-24",2351.1,NA
"2018-12-25",NA,NA
"2018-12-26",2467.7,1.1408
"2018-12-27",2488.83,1.1412
"2018-12-28",2485.74,1.1445
"2018-12-31",2506.85,1.1456
"2019-01-01",NA,NA
"2019-01-02",2510.03,1.1357
"2019-01-03",2447.89,1.1399
"2019-01-04",2531.94,1.141
"2019-01-07",2549.69,1.1468
"2019-01-08",2574.41,1.1444
"2019-01-09",2584.96,1.1524
"2019-01-10",2596.64,1.1517
"2019-01-11",2596.26,1.1479
"2019-01-14",2582.61,NA
"2019-01-15",2610.3,1.1392
"2019-01-16",2616.1,1.1408
"2019-01-17",2635.96,1.1386
"2019-01-18",2670.71,1.1362
"2019-01-21",NA,NA
"2019-01-22",2632.9,1.1359
"2019-01-23",2638.7,1.139
"2019-01-24",2642.33,1.1322
"2019-01-25",2664.76,1.1407
"2019-01-28",2643.85,1.1438
"2019-01-29",2640,1.1424
"2019-01-30",2681.05,1.1418
"2019-01-31",2704.1,1.1454
"2019-02-01",2706.53,1.1474
"2019-02-04",2724.87,1.1438
"2019-02-05",2737.7,1.1406
"2019-02-06",2731.61,1.138
"2019-02-07",2706.05,1.1357
"2019-02-08",2707.88,1.1326
"2019-02-11",2709.8,1.1277
"2019-02-12",2744.73,1.1316
"2019-02-13",2753.03,1.1288
"2019-02-14",2745.73,1.1284
"2019-02-15",2775.6,1.1268
"2019-02-18",NA,NA
"2019-02-19",2779.76,1.1328
"2019-02-20",2784.7,NA
"2019-02-21",2774.88,1.1338
"2019-02-22",2792.67,1.1342
"2019-02-25",2796.11,1.1345
"2019-02-26",2793.9,1.1374
"2019-02-27",2792.38,1.137
"2019-02-28",2784.49,1.1379
"2019-03-01",2803.69,1.1376
"2019-03-04",2792.81,1.1328
"2019-03-05",2789.65,1.13
"2019-03-06",2771.45,1.132
"2019-03-07",2748.93,1.1214
"2019-03-08",2743.07,1.1243
"2019-03-11",2783.3,1.1226
"2019-03-12",2791.52,1.1276
"2019-03-13",2810.92,1.131
"2019-03-14",2808.48,1.1304
"2019-03-15",2822.48,1.1326
"2019-03-18",2832.94,1.1337
"2019-03-19",2832.57,1.1346
"2019-03-20",2824.23,1.1352
"2019-03-21",2854.88,1.1361
"2019-03-22",2800.71,1.1282
"2019-03-25",2798.36,1.1324
"2019-03-26",2818.46,1.128
"2019-03-27",2805.37,1.125
"2019-03-28",2815.44,1.1236
"2019-03-29",2834.4,1.1228
"2019-04-01",2867.19,1.121
"2019-04-02",2867.24,1.1186
"2019-04-03",2873.4,1.1242
"2019-04-04",2879.39,1.1216
"2019-04-05",2892.74,1.1217
"2019-04-08",2895.77,1.1262
"2019-04-09",2878.2,1.1278
"2019-04-10",2888.21,1.1266
"2019-04-11",2888.32,1.1262
"2019-04-12",2907.41,1.1304
"2019-04-15",2905.58,1.1304
"2019-04-16",2907.06,1.1293
"2019-04-17",2900.45,1.1297
"2019-04-18",2905.03,1.1241
"2019-04-19",NA,1.1246
"2019-04-22",2907.97,1.1258
"2019-04-23",2933.68,1.1213
"2019-04-24",2927.25,1.1192
"2019-04-25",2926.17,1.114
"2019-04-26",2939.88,1.1154
"2019-04-29",2943.03,1.1166
"2019-04-30",2945.83,1.1201
"2019-05-01",2923.73,1.1246
"2019-05-02",2917.52,1.1184
"2019-05-03",2945.64,1.1186
"2019-05-06",2932.47,1.1197
"2019-05-07",2884.05,1.1178
"2019-05-08",2879.42,1.1206
"2019-05-09",2870.72,1.1228
"2019-05-10",2881.4,1.1241
"2019-05-13",2811.87,1.1232
"2019-05-14",2834.41,1.1207
"2019-05-15",2850.96,1.1208
"2019-05-16",2876.32,1.1178
"2019-05-17",2859.53,1.1166
"2019-05-20",2840.23,1.117
"2019-05-21",2864.36,1.1158
"2019-05-22",2856.27,1.1156
"2019-05-23",2822.24,1.1172
"2019-05-24",2826.06,1.1197
"2019-05-27",NA,NA
"2019-05-28",2802.39,1.1177
"2019-05-29",2783.02,1.1136
"2019-05-30",2788.86,1.114
"2019-05-31",2752.06,1.1149
"2019-06-03",2744.45,1.1206
"2019-06-04",2803.27,1.1236
"2019-06-05",2826.15,1.1242
"2019-06-06",2843.49,1.1294
"2019-06-07",2873.34,1.1324
"2019-06-10",2886.73,1.1311
"2019-06-11",2885.72,1.1316
"2019-06-12",2879.84,1.131
"2019-06-13",2891.64,1.1275
"2019-06-14",2886.98,1.1217
"2019-06-17",2889.67,1.1235
"2019-06-18",2917.75,1.1196
"2019-06-19",2926.46,1.1214
"2019-06-20",2954.18,1.1284
"2019-06-21",2950.46,1.1328
"2019-06-24",2945.35,1.1393
"2019-06-25",2917.38,1.1386
"2019-06-26",2913.78,1.139
"2019-06-27",2924.92,1.1372
"2019-06-28",2941.76,1.1374
"2019-07-01",2964.33,1.1307
"2019-07-02",2973.01,1.1301
"2019-07-03",2995.82,1.1275
"2019-07-04",NA,NA
"2019-07-05",2990.41,1.1216
"2019-07-08",2975.95,1.1208
"2019-07-09",2979.63,1.121
"2019-07-10",2993.07,1.126
"2019-07-11",2999.91,1.1261
"2019-07-12",3013.77,1.1254
"2019-07-15",3014.3,1.126
"2019-07-16",3004.04,1.1212
"2019-07-17",2984.42,1.1232
"2019-07-18",2995.11,1.1228
"2019-07-19",2976.61,1.122
"2019-07-22",2985.03,1.1214
"2019-07-23",3005.47,1.1156
"2019-07-24",3019.56,1.1141
"2019-07-25",3003.67,1.1156
"2019-07-26",3025.86,1.1121
"2019-07-29",3020.97,1.1142
"2019-07-30",3013.18,1.1148
"2019-07-31",2980.38,1.113
"2019-08-01",2953.56,1.1062
"2019-08-02",2932.05,1.1112
"2019-08-05",2844.74,1.1197
"2019-08-06",2881.77,1.1196
"2019-08-07",2883.98,1.1236
"2019-08-08",2938.09,1.121
"2019-08-09",2918.65,1.1222
"2019-08-12",2883.75,1.1212
"2019-08-13",2926.32,1.1182
"2019-08-14",2840.6,1.1144
"2019-08-15",2847.6,1.1106
"2019-08-16",2888.68,1.1091
"2019-08-19",2923.65,1.1096
"2019-08-20",2900.51,1.1092
"2019-08-21",2924.43,1.1098
"2019-08-22",2922.95,1.1089
"2019-08-23",2847.11,1.1148
"2019-08-26",2878.38,1.1112
"2019-08-27",2869.16,1.1094
"2019-08-28",2887.94,1.1084
"2019-08-29",2924.58,1.1059
"2019-08-30",2926.46,1.0989
"2019-09-02",NA,NA
"2019-09-03",2906.27,1.0968
"2019-09-04",2937.78,1.1025
"2019-09-05",2976,1.1038
"2019-09-06",2978.71,1.1042
"2019-09-09",2978.43,1.1056
"2019-09-10",2979.39,1.1042
"2019-09-11",3000.93,1.1001
"2019-09-12",3009.57,1.1074
"2019-09-13",3007.39,1.1074
"2019-09-16",2997.96,1.1006
"2019-09-17",3005.7,1.1063
"2019-09-18",3006.73,1.1061
"2019-09-19",3006.79,1.1046
"2019-09-20",2992.07,1.1004
"2019-09-23",2991.78,1.0991
"2019-09-24",2966.6,1.0999
"2019-09-25",2984.87,1.0949
"2019-09-26",2977.62,1.0938
"2019-09-27",2961.79,1.0942
"2019-09-30",2976.74,1.0905
"2019-10-01",2940.25,1.0932
"2019-10-02",2887.61,1.0951
"2019-10-03",2910.63,1.0991
"2019-10-04",2952.01,1.0974
"2019-10-07",2938.79,1.0984
"2019-10-08",2893.06,1.0949
"2019-10-09",2919.4,1.0978
"2019-10-10",2938.13,1.1018
"2019-10-11",2970.27,1.1039
"2019-10-14",2966.15,NA
"2019-10-15",2995.68,1.1036
"2019-10-16",2989.69,1.1075
"2019-10-17",2997.95,1.1129
"2019-10-18",2986.2,1.1155
"2019-10-21",3006.72,1.1145
"2019-10-22",2995.99,1.1138
"2019-10-23",3004.52,1.1118
"2019-10-24",3010.29,1.1098
"2019-10-25",3022.55,1.1081
"2019-10-28",3039.42,1.1094
"2019-10-29",3036.89,1.1117
"2019-10-30",3046.77,1.1123
"2019-10-31",3037.56,1.1155
"2019-11-01",3066.91,1.1169
"2019-11-04",3078.27,1.1144
"2019-11-05",3074.62,1.107
"2019-11-06",3076.78,1.1076
"2019-11-07",3085.18,1.1045
"2019-11-08",3093.08,1.1019
"2019-11-11",3087.01,NA
"2019-11-12",3091.84,1.1017
"2019-11-13",3094.04,1.1004
"2019-11-14",3096.63,1.1016
"2019-11-15",3120.46,1.1046
"2019-11-18",3122.03,1.1079
"2019-11-19",3120.18,1.1075
"2019-11-20",3108.46,1.1063
"2019-11-21",3103.54,1.1067
"2019-11-22",3110.29,1.1029
"2019-11-25",3133.64,1.1009
"2019-11-26",3140.52,1.1012
"2019-11-27",3153.63,1.1002
"2019-11-28",NA,NA
"2019-11-29",3140.98,1.1019
"2019-12-02",3113.87,1.1075
"2019-12-03",3093.2,1.1089
"2019-12-04",3112.76,1.1076
"2019-12-05",3117.43,1.1104
"2019-12-06",3145.91,1.1052
"2019-12-09",3135.96,1.1067
"2019-12-10",3132.52,1.109
"2019-12-11",3141.63,1.1092
"2019-12-12",3168.57,1.1115
"2019-12-13",3168.8,1.1128
"2019-12-16",3191.45,1.1139
"2019-12-17",3192.52,1.1148
"2019-12-18",3191.14,1.1113
"2019-12-19",3205.37,1.1128
"2019-12-20",3221.22,1.1076
"2019-12-23",3224.01,1.1091
"2019-12-24",3223.38,1.1084
"2019-12-25",NA,NA
"2019-12-26",3239.91,1.1102
"2019-12-27",3240.02,1.1174
"2019-12-30",3221.29,1.1217
"2019-12-31",3230.78,1.1227
"2020-01-01",NA,NA
"2020-01-02",3257.85,1.1166
"2020-01-03",3234.85,1.1173
"2020-01-06",3246.28,1.1187
"2020-01-07",3237.18,1.1138
"2020-01-08",3253.05,1.1117
"2020-01-09",3274.7,1.1106
"2020-01-10",3265.35,1.1119
"2020-01-13",3288.13,1.1138
"2020-01-14",3283.15,1.113
"2020-01-15",3289.29,1.116
"2020-01-16",3316.81,1.1131
"2020-01-17",3329.62,1.1093
"2020-01-20",NA,NA
"2020-01-21",3320.79,1.1096
"2020-01-22",3321.75,1.1085
"2020-01-23",3325.54,1.1041
"2020-01-24",3295.47,1.1026
"2020-01-27",3243.63,1.1019
"2020-01-28",3276.24,1.1008
"2020-01-29",3273.4,1.1004
"2020-01-30",3283.66,1.1032
"2020-01-31",3225.52,1.1082
"2020-02-03",3248.92,1.1062
"2020-02-04",3297.59,1.1043
"2020-02-05",3334.69,1.1006
"2020-02-06",3345.78,1.0979
"2020-02-07",3327.71,1.095
"2020-02-10",3352.09,1.0916
"2020-02-11",3357.75,1.0917
"2020-02-12",3379.45,1.0893
"2020-02-13",3373.94,1.0848
"2020-02-14",3380.16,1.0839
"2020-02-17",NA,NA
"2020-02-18",3370.29,1.0815
"2020-02-19",3386.15,1.0794
"2020-02-20",3373.23,1.0797
"2020-02-21",3337.75,1.0855
"2020-02-24",3225.89,1.0857
"2020-02-25",3128.21,1.0868
"2020-02-26",3116.39,1.0887
"2020-02-27",2978.76,1.0977
"2020-02-28",2954.22,1.1001
"2020-03-02",3090.23,1.1164
"2020-03-03",3003.37,1.1175
"2020-03-04",3130.12,1.113
"2020-03-05",3023.94,1.1202
"2020-03-06",2972.37,1.1319
"2020-03-09",2746.56,1.142
"2020-03-10",2882.23,1.1342
"2020-03-11",2741.38,1.128
"2020-03-12",2480.64,1.1081
"2020-03-13",2711.02,1.1066
"2020-03-16",2386.13,1.1139
"2020-03-17",2529.19,1.0971
"2020-03-18",2398.1,1.0833
"2020-03-19",2409.39,1.0699
"2020-03-20",2304.92,1.0682
"2020-03-23",2237.4,1.076
"2020-03-24",2447.33,1.0794
"2020-03-25",2475.56,1.0835
"2020-03-26",2630.07,1.1025
"2020-03-27",2541.47,1.1059
"2020-03-30",2626.65,1.1018
"2020-03-31",2584.59,1.1016
"2020-04-01",2470.5,1.0934
"2020-04-02",2526.9,1.0862
"2020-04-03",2488.65,1.0797
"2020-04-06",2663.68,1.0808
"2020-04-07",2659.41,1.0886
"2020-04-08",2749.98,1.0864
"2020-04-09",2789.82,1.0931
"2020-04-10",NA,1.0951
"2020-04-13",2761.63,1.0906
"2020-04-14",2846.06,1.0971
"2020-04-15",2783.36,1.0909
"2020-04-16",2799.55,1.084
"2020-04-17",2874.56,1.0883
"2020-04-20",2823.16,1.0874
"2020-04-21",2736.56,1.0854
"2020-04-22",2799.31,1.0829
"2020-04-23",2797.8,1.0815
"2020-04-24",2836.74,1.0798
"2020-04-27",2878.48,1.0829
"2020-04-28",2863.39,1.0836
"2020-04-29",2939.51,1.0853
"2020-04-30",2912.43,1.0934
"2020-05-01",2830.71,1.0998
"2020-05-04",2842.74,1.0911
"2020-05-05",2868.44,1.0844
"2020-05-06",2848.42,1.0806
"2020-05-07",2881.19,1.0815
"2020-05-08",2929.8,1.0854
"2020-05-11",2930.32,1.0818
"2020-05-12",2870.12,1.0864
"2020-05-13",2820,1.0837
"2020-05-14",2852.5,1.08
"2020-05-15",2863.7,1.0816
"2020-05-18",2953.91,1.0904
"2020-05-19",2922.94,1.0937
"2020-05-20",2971.61,1.098
"2020-05-21",2948.51,1.0953
"2020-05-22",2955.45,1.0894
"2020-05-25",NA,NA
"2020-05-26",2991.77,1.097
"2020-05-27",3036.13,1.0969
"2020-05-28",3029.73,1.1069
"2020-05-29",3044.31,1.1107
"2020-06-01",3055.73,1.1123
"2020-06-02",3080.82,1.1166
"2020-06-03",3122.87,1.1246
"2020-06-04",3112.35,1.1322
"2020-06-05",3193.93,1.1297
"2020-06-08",3232.39,1.1293
"2020-06-09",3207.18,1.1348
"2020-06-10",3190.14,1.1355
"2020-06-11",3002.1,1.1378
"2020-06-12",3041.31,1.1253
"2020-06-15",3066.59,1.127
"2020-06-16",3124.74,1.1259
"2020-06-17",3113.49,1.1219
"2020-06-18",3115.34,1.1216
"2020-06-19",3097.74,1.1189
"2020-06-22",3117.86,1.126
"2020-06-23",3131.29,1.1322
"2020-06-24",3050.33,1.1272
"2020-06-25",3083.76,1.1221
"2020-06-26",3009.05,1.1215
"2020-06-29",3053.24,1.1237
"2020-06-30",3100.29,1.1237
"2020-07-01",3115.86,1.1259
"2020-07-02",3130.01,1.1237
"2020-07-03",NA,NA
"2020-07-06",3179.72,1.1307
"2020-07-07",3145.32,1.1299
"2020-07-08",3169.94,1.1329
"2020-07-09",3152.05,1.1298
"2020-07-10",3185.04,1.1318
"2020-07-13",3155.22,1.1364
"2020-07-14",3197.52,1.1406
"2020-07-15",3226.56,1.1406
"2020-07-16",3215.57,1.1433
"2020-07-17",3224.73,1.1438
"2020-07-20",3251.84,1.1442
"2020-07-21",3257.3,1.1495
"2020-07-22",3276.02,1.1587
"2020-07-23",3235.66,1.1623
"2020-07-24",3215.63,1.1635
"2020-07-27",3239.41,1.175
"2020-07-28",3218.44,1.1733
"2020-07-29",3258.44,1.177
"2020-07-30",3246.22,1.1791
"2020-07-31",3271.12,1.1822
"2020-08-03",3294.61,1.175
"2020-08-04",3306.51,1.1766
"2020-08-05",3327.77,1.1898
"2020-08-06",3349.16,1.1856
"2020-08-07",3351.28,1.1776
"2020-08-10",3360.47,1.1756
"2020-08-11",3333.69,1.1764
"2020-08-12",3380.35,1.1796
"2020-08-13",3373.43,1.1818
"2020-08-14",3372.85,1.1833
"2020-08-17",3381.99,1.1869
"2020-08-18",3389.78,1.1928
"2020-08-19",3374.85,1.1898
"2020-08-20",3385.51,1.1862
"2020-08-21",3397.16,1.1775
"2020-08-24",3431.28,1.1803
"2020-08-25",3443.62,1.1818
"2020-08-26",3478.73,1.1813
"2020-08-27",3484.55,1.1824
"2020-08-28",3508.01,1.1901
"2020-08-31",3500.31,1.195
"2020-09-01",3526.65,1.1949
"2020-09-02",3580.84,1.184
"2020-09-03",3455.06,1.1832
"2020-09-04",3426.96,1.182
"2020-09-07",NA,NA
"2020-09-08",3331.84,1.1789
"2020-09-09",3398.96,1.181
"2020-09-10",3339.19,1.188
"2020-09-11",3340.97,1.1831
"2020-09-14",3383.54,1.1874
"2020-09-15",3401.2,1.1846
"2020-09-16",3385.49,1.1835
"2020-09-17",3357.01,1.1823
"2020-09-18",3319.47,1.1857
"2020-09-21",3281.06,1.1737
"2020-09-22",3315.57,1.1703
"2020-09-23",3236.92,1.1677
"2020-09-24",3246.59,1.1666
"2020-09-25",3298.46,1.1618
"2020-09-28",3351.6,1.166
"2020-09-29",3335.47,1.1717
"2020-09-30",3363,1.1723
"2020-10-01",3380.8,1.1752
"2020-10-02",3348.44,1.1706
"2020-10-05",3408.63,1.1784
"2020-10-06",3360.95,1.1778
"2020-10-07",3419.45,1.1766
"2020-10-08",3446.83,1.1753
"2020-10-09",3477.13,1.1819
"2020-10-12",3534.22,NA
"2020-10-13",3511.93,1.1737
"2020-10-14",3488.67,1.1755
"2020-10-15",3483.34,1.1701
"2020-10-16",3483.81,1.1717
"2020-10-19",3426.92,1.1788
"2020-10-20",3443.12,1.1824
"2020-10-21",3435.56,1.187
"2020-10-22",3453.49,1.1824
"2020-10-23",3465.39,1.1844
"2020-10-26",3400.97,1.1816
"2020-10-27",3390.68,1.1834
"2020-10-28",3271.03,1.1751
"2020-10-29",3310.11,1.1658
"2020-10-30",3269.96,1.1647
"2020-11-02",3310.24,1.1634
"2020-11-03",3369.16,1.1724
"2020-11-04",3443.44,1.173
"2020-11-05",3510.45,1.1809
"2020-11-06",3509.44,1.1886
"2020-11-09",3550.5,1.1811
"2020-11-10",3545.53,1.181
"2020-11-11",3572.66,NA
"2020-11-12",3537.01,1.1814
"2020-11-13",3585.15,1.1824
"2020-11-16",3626.91,1.1844
"2020-11-17",3609.53,1.1862
"2020-11-18",3567.79,1.1869
"2020-11-19",3581.87,1.1843
"2020-11-20",3557.54,1.1857
"2020-11-23",3577.59,1.1826
"2020-11-24",3635.41,1.1874
"2020-11-25",3629.65,1.1908
"2020-11-26",NA,NA
"2020-11-27",3638.35,NA
"2020-11-30",3621.63,1.1948
"2020-12-01",3662.45,1.2039
"2020-12-02",3669.01,1.2093
"2020-12-03",3666.72,1.2152
"2020-12-04",3699.12,1.2142
"2020-12-07",3691.96,1.2138
"2020-12-08",3702.25,1.2111
"2020-12-09",3672.82,1.208
"2020-12-10",3668.1,1.2118
"2020-12-11",3663.46,1.2112
"2020-12-14",3647.49,1.2145
"2020-12-15",3694.62,1.2158
"2020-12-16",3701.17,1.2175
"2020-12-17",3722.48,1.2258
"2020-12-18",3709.41,1.2236
"2020-12-21",3694.92,1.223
"2020-12-22",3687.26,1.2172
"2020-12-23",3690.01,1.2194
"2020-12-24",3703.06,NA
"2020-12-25",NA,NA
"2020-12-28",3735.36,1.2213
"2020-12-29",3727.04,1.2252
"2020-12-30",3732.04,1.228
"2020-12-31",3756.07,1.223
"2021-01-01",NA,NA
"2021-01-04",3700.65,1.2254
"2021-01-05",3726.86,1.2295
"2021-01-06",3748.14,1.229
"2021-01-07",3803.79,1.2265
"2021-01-08",3824.68,1.2252
"2021-01-11",3799.61,1.2169
"2021-01-12",3801.19,1.2168
"2021-01-13",3809.84,1.2159
"2021-01-14",3795.54,1.2156
"2021-01-15",3768.25,1.2099
"2021-01-18",NA,NA
"2021-01-19",3798.91,1.2126
"2021-01-20",3851.85,NA
"2021-01-21",3853.07,1.2143
"2021-01-22",3841.47,1.2179
"2021-01-25",3855.36,1.2138
"2021-01-26",3849.62,1.2147
"2021-01-27",3750.77,1.2101
"2021-01-28",3787.38,1.2122
"2021-01-29",3714.24,1.2135
"2021-02-01",3773.86,1.207
"2021-02-02",3826.31,1.202
"2021-02-03",3830.17,1.2025
"2021-02-04",3871.74,1.1974
"2021-02-05",3886.83,1.2035
"2021-02-08",3915.59,1.2045
"2021-02-09",3911.23,1.2106
"2021-02-10",3909.88,1.2132
"2021-02-11",3916.38,1.2127
"2021-02-12",3934.83,1.2126
"2021-02-15",NA,NA
"2021-02-16",3932.59,1.2107
"2021-02-17",3931.33,1.2042
"2021-02-18",3913.97,1.2078
"2021-02-19",3906.71,1.2136
"2021-02-22",3876.5,1.2155
"2021-02-23",3881.37,1.2142
"2021-02-24",3925.43,1.2143
"2021-02-25",3829.34,1.2229
"2021-02-26",3811.15,1.2093
"2021-03-01",3901.82,1.2054
"2021-03-02",3870.29,1.2079
"2021-03-03",3819.72,1.2073
"2021-03-04",3768.47,1.2045
"2021-03-05",3841.94,1.1914
"2021-03-08",3821.35,1.1849
"2021-03-09",3875.44,1.1885
"2021-03-10",3898.81,1.19
"2021-03-11",3939.34,1.1978
"2021-03-12",3943.34,1.1952
"2021-03-15",3968.94,1.1917
"2021-03-16",3962.71,1.1895
"2021-03-17",3974.12,1.1905
"2021-03-18",3915.46,1.1926
"2021-03-19",3913.1,1.1909
"2021-03-22",3940.59,1.1932
"2021-03-23",3910.52,1.1872
"2021-03-24",3889.14,1.1831
"2021-03-25",3909.52,1.1777
"2021-03-26",3974.54,1.1798
"2021-03-29",3971.09,1.1779
"2021-03-30",3958.55,1.1724
"2021-03-31",3972.89,1.1743
"2021-04-01",4019.87,1.1772
"2021-04-02",NA,1.1763
"2021-04-05",4077.91,1.181
"2021-04-06",4073.94,1.1852
"2021-04-07",4079.95,1.189
"2021-04-08",4097.17,1.1904
"2021-04-09",4128.8,1.1897
"2021-04-12",4127.99,1.1907
"2021-04-13",4141.59,1.1939
"2021-04-14",4124.66,1.1974
"2021-04-15",4170.42,1.1964
"2021-04-16",4185.47,1.198
"2021-04-19",4163.26,1.2028
"2021-04-20",4134.94,1.2045
"2021-04-21",4173.42,1.2033
"2021-04-22",4134.98,1.2012
"2021-04-23",4180.17,1.2069
"2021-04-26",4187.62,1.2083
"2021-04-27",4186.72,1.2079
"2021-04-28",4183.18,1.2098
"2021-04-29",4211.47,1.211
"2021-04-30",4181.17,1.203
"2021-05-03",4192.66,1.2059
"2021-05-04",4164.66,1.2014
"2021-05-05",4167.59,1.2003
"2021-05-06",4201.62,1.2049
"2021-05-07",4232.6,1.2165
"2021-05-10",4188.43,1.217
"2021-05-11",4152.1,1.2169
"2021-05-12",4063.04,1.2074
"2021-05-13",4112.5,1.207
"2021-05-14",4173.85,1.2141
"2021-05-17",4163.29,1.2155
"2021-05-18",4127.83,1.2203
"2021-05-19",4115.68,1.2216
"2021-05-20",4159.12,1.2225
"2021-05-21",4155.86,1.2178
"2021-05-24",4197.05,1.221
"2021-05-25",4188.13,1.2233
"2021-05-26",4195.99,1.2204
"2021-05-27",4200.88,1.2194
"2021-05-28",4204.11,1.2194
"2021-05-31",NA,NA
"2021-06-01",4202.04,1.2241
"2021-06-02",4208.12,1.2213
"2021-06-03",4192.85,1.2122
"2021-06-04",4229.89,1.2173
"2021-06-07",4226.52,1.22
"2021-06-08",4227.26,1.218
"2021-06-09",4219.55,1.2184
"2021-06-10",4239.18,1.2173
"2021-06-11",4247.44,1.2101
"2021-06-14",4255.15,1.2126
"2021-06-15",4246.59,1.212
"2021-06-16",4223.7,1.2119
"2021-06-17",4221.86,1.1911
"2021-06-18",4166.45,1.1872
"2021-06-21",4224.79,1.1909
"2021-06-22",4246.44,1.191
"2021-06-23",4241.84,1.195
"2021-06-24",4266.49,1.1927
"2021-06-25",4280.7,1.194
"2021-06-28",4290.61,1.1938
"2021-06-29",4291.8,1.1905
"2021-06-30",4297.5,1.1848
"2021-07-01",4319.94,1.1857
"2021-07-02",4352.34,1.1848
"2021-07-05",NA,NA
"2021-07-06",4343.54,1.1816
"2021-07-07",4358.13,1.1803
"2021-07-08",4320.82,1.184
"2021-07-09",4369.55,1.1861
"2021-07-12",4384.63,1.1858
"2021-07-13",4369.21,1.1813
"2021-07-14",4374.3,1.1826
"2021-07-15",4360.03,1.1806
"2021-07-16",4327.16,1.181
"2021-07-19",4258.49,1.1804
"2021-07-20",4323.06,1.1776
"2021-07-21",4358.69,1.1799
"2021-07-22",4367.48,1.1771
"2021-07-23",4411.79,1.1761
"2021-07-26",4422.3,1.181
"2021-07-27",4401.46,1.1831
"2021-07-28",4400.64,1.1809
"2021-07-29",4419.15,1.1886
"2021-07-30",4395.26,1.1864
"2021-08-02",4387.16,1.1873
"2021-08-03",4423.15,1.1859
"2021-08-04",4402.66,1.1841
"2021-08-05",4429.1,1.1838
"2021-08-06",4436.52,1.1761
"2021-08-09",4432.35,1.1749
"2021-08-10",4436.75,1.1722
"2021-08-11",4447.7,1.1737
"2021-08-12",4460.83,1.1736
"2021-08-13",4468,1.1796
"2021-08-16",4479.71,1.1776
"2021-08-17",4448.08,1.1714
"2021-08-18",4400.27,1.1702
"2021-08-19",4405.8,1.1693
"2021-08-20",4441.67,1.169
"2021-08-23",4479.53,1.1732
"2021-08-24",4486.23,1.1746
"2021-08-25",4496.19,1.1758
"2021-08-26",4470,1.1761
"2021-08-27",4509.37,1.1794
"2021-08-30",4528.79,1.1795
"2021-08-31",4522.68,1.18
"2021-09-01",4524.09,1.185
"2021-09-02",4536.95,1.1858
"2021-09-03",4535.43,1.1884
"2021-09-06",NA,NA
"2021-09-07",4520.03,1.1849
"2021-09-08",4514.07,1.1818
"2021-09-09",4493.28,1.1827
"2021-09-10",4458.58,1.1821
"2021-09-13",4468.73,1.1809
"2021-09-14",4443.05,1.1824
"2021-09-15",4480.7,1.1811
"2021-09-16",4473.75,1.1764
"2021-09-17",4432.99,1.1734
"2021-09-20",4357.73,1.1729
"2021-09-21",4354.19,1.1724
"2021-09-22",4395.64,1.1739
"2021-09-23",4448.98,1.1735
"2021-09-24",4455.48,1.1715
"2021-09-27",4443.11,1.1702
"2021-09-28",4352.63,1.1681
"2021-09-29",4359.46,1.1612
"2021-09-30",4307.54,1.1577
"2021-10-01",4357.04,1.1598
"2021-10-04",4300.46,1.1622
"2021-10-05",4345.72,1.1609
"2021-10-06",4363.55,1.1546
"2021-10-07",4399.76,1.1561
"2021-10-08",4391.34,1.1572
"2021-10-11",4361.19,NA
"2021-10-12",4350.65,1.1541
"2021-10-13",4363.8,1.1568
"2021-10-14",4438.26,1.1591
"2021-10-15",4471.37,1.1594
"2021-10-18",4486.46,1.1609
"2021-10-19",4519.63,1.1632
"2021-10-20",4536.19,1.1643
"2021-10-21",4549.78,1.1643
"2021-10-22",4544.9,1.1632
"2021-10-25",4566.48,1.1609
"2021-10-26",4574.79,1.159
"2021-10-27",4551.68,1.16
"2021-10-28",4596.42,1.1685
"2021-10-29",4605.38,1.1552
"2021-11-01",4613.67,1.1591
"2021-11-02",4630.65,1.1581
"2021-11-03",4660.57,1.1584
"2021-11-04",4680.06,1.1546
"2021-11-05",4697.53,1.1554
"2021-11-08",4701.7,1.159
"2021-11-09",4685.25,1.1589
"2021-11-10",4646.71,1.1517
"2021-11-11",4649.27,NA
"2021-11-12",4682.85,1.1443
"2021-11-15",4682.8,1.1421
"2021-11-16",4700.9,1.1333
"2021-11-17",4688.67,1.1322
"2021-11-18",4704.54,1.1358
"2021-11-19",4697.96,1.1318
"2021-11-22",4682.94,1.126
"2021-11-23",4690.7,1.1265
"2021-11-24",4701.46,1.1196
"2021-11-25",NA,NA
"2021-11-26",4594.62,1.1302
"2021-11-29",4655.27,1.1261
"2021-11-30",4567,1.1287
"2021-12-01",4513.04,1.1323
"2021-12-02",4577.1,1.1306
"2021-12-03",4538.43,1.1308
"2021-12-06",4591.67,1.1282
"2021-12-07",4686.75,1.1247
"2021-12-08",4701.21,1.133
"2021-12-09",4667.45,1.1285
"2021-12-10",4712.02,1.1312
"2021-12-13",4668.97,1.1298
"2021-12-14",4634.09,1.1267
"2021-12-15",4709.85,1.1261
"2021-12-16",4668.67,1.1309
"2021-12-17",4620.64,1.1277
"2021-12-20",4568.02,1.1298
"2021-12-21",4649.23,1.1272
"2021-12-22",4696.56,1.1324
"2021-12-23",4725.79,1.132
"2021-12-24",NA,NA
"2021-12-27",4791.19,1.1329
"2021-12-28",4786.35,1.1314
"2021-12-29",4793.06,1.1337
"2021-12-30",4778.73,1.1318
"2021-12-31",4766.18,NA
"2022-01-03",4796.56,1.129
"2022-01-04",4793.54,1.1296
"2022-01-05",4700.58,1.1335
"2022-01-06",4696.05,1.1307
"2022-01-07",4677.03,1.1358
"2022-01-10",4670.29,1.1328
"2022-01-11",4713.07,1.1363
"2022-01-12",4726.35,1.1431
"2022-01-13",4659.03,1.1464
"2022-01-14",4662.85,1.1414
"2022-01-17",NA,NA
"2022-01-18",4577.11,1.1336
"2022-01-19",4532.76,1.1346
"2022-01-20",4482.73,1.1336
"2022-01-21",4397.94,1.1346
"2022-01-24",4410.13,1.131
"2022-01-25",4356.45,1.1283
"2022-01-26",4349.93,1.1279
"2022-01-27",4326.51,1.1141
"2022-01-28",4431.85,1.116
"2022-01-31",4515.55,1.1212
"2022-02-01",4546.54,1.1239
"2022-02-02",4589.38,1.1299
"2022-02-03",4477.44,1.1425
"2022-02-04",4500.53,1.1455
"2022-02-07",4483.87,1.1434
"2022-02-08",4521.54,1.1416
"2022-02-09",4587.18,1.1435
"2022-02-10",4504.08,1.1487
"2022-02-11",4418.64,1.1404
"2022-02-14",4401.67,1.1306
"2022-02-15",4471.07,1.1363
"2022-02-16",4475.01,1.1381
"2022-02-17",4380.26,1.1364
"2022-02-18",4348.87,1.1327
"2022-02-21",NA,NA
"2022-02-22",4304.76,1.1342
"2022-02-23",4225.5,1.1316
"2022-02-24",4288.7,1.1154
"2022-02-25",4384.65,1.1261
"2022-02-28",4373.94,1.1224
"2022-03-01",4306.26,1.1103
"2022-03-02",4386.54,1.1102
"2022-03-03",4363.49,1.1053
"2022-03-04",4328.87,1.0912
"2022-03-07",4201.09,1.086
"2022-03-08",4170.7,1.0881
"2022-03-09",4277.88,1.1069
"2022-03-10",4259.52,1.1007
"2022-03-11",4204.31,1.0937
"2022-03-14",4173.11,1.0979
"2022-03-15",4262.45,1.0974
"2022-03-16",4357.86,1.0996
"2022-03-17",4411.67,1.111
"2022-03-18",4463.12,1.1044
"2022-03-21",4461.18,1.1048
"2022-03-22",4511.61,1.1022
"2022-03-23",4456.24,1.1001
"2022-03-24",4520.16,1.1006
"2022-03-25",4543.06,1.0985
"2022-03-28",4575.52,1.0977
"2022-03-29",4631.6,1.1104
"2022-03-30",4602.45,1.1163
"2022-03-31",4530.41,1.1093
"2022-04-01",4545.86,1.1043
"2022-04-04",4582.64,1.0992
"2022-04-05",4525.12,1.0921
"2022-04-06",4481.15,1.0913
"2022-04-07",4500.21,1.09
"2022-04-08",4488.28,1.0874
"2022-04-11",4412.53,1.0875
"2022-04-12",4397.45,1.0852
"2022-04-13",4446.59,1.0874
"2022-04-14",4392.59,1.0796
"2022-04-15",NA,1.0812
"2022-04-18",4391.69,1.0785
"2022-04-19",4462.21,1.0789
"2022-04-20",4459.45,1.0857
"2022-04-21",4393.66,1.0839
"2022-04-22",4271.78,1.079
"2022-04-25",4296.12,1.0703
"2022-04-26",4175.2,1.0661
"2022-04-27",4183.96,1.0549
"2022-04-28",4287.5,1.05
"2022-04-29",4131.93,1.0537
"2022-05-02",4155.38,1.0521
"2022-05-03",4175.48,1.0532
"2022-05-04",4300.17,1.0539
"2022-05-05",4146.87,1.0507
"2022-05-06",4123.34,1.0572
"2022-05-09",3991.24,1.0559
"2022-05-10",4001.05,1.0531
"2022-05-11",3935.18,1.0537
"2022-05-12",3930.08,1.0376
"2022-05-13",4023.89,1.041
"2022-05-16",4008.01,1.042
"2022-05-17",4088.85,1.0532
"2022-05-18",3923.68,1.0494
"2022-05-19",3900.79,1.0587
"2022-05-20",3901.36,1.0559
"2022-05-23",3973.75,1.0668
"2022-05-24",3941.48,1.0744
"2022-05-25",3978.73,1.0658
"2022-05-26",4057.84,1.0725
"2022-05-27",4158.24,1.0709
"2022-05-30",NA,NA
"2022-05-31",4132.15,1.0731
"2022-06-01",4101.23,1.0646
"2022-06-02",4176.82,1.0733
"2022-06-03",4108.54,1.0721
"2022-06-06",4121.43,1.0699
"2022-06-07",4160.68,1.0697
"2022-06-08",4115.77,1.074
"2022-06-09",4017.82,1.0656
"2022-06-10",3900.86,1.0521
"2022-06-13",3749.63,1.0436
"2022-06-14",3735.48,1.0416
"2022-06-15",3789.99,1.0388
"2022-06-16",3666.77,1.0531
"2022-06-17",3674.84,1.0473
"2022-06-20",NA,NA
"2022-06-21",3764.79,1.0548
"2022-06-22",3759.89,1.0583
"2022-06-23",3795.73,1.0503
"2022-06-24",3911.74,1.0539
"2022-06-27",3900.11,1.0601
"2022-06-28",3821.55,1.0534
"2022-06-29",3818.83,1.0477
"2022-06-30",3785.38,1.0469
"2022-07-01",3825.33,1.0409
"2022-07-04",NA,NA
"2022-07-05",3831.39,1.0254
"2022-07-06",3845.08,1.0173
"2022-07-07",3902.62,1.0159
"2022-07-08",3899.38,1.0178
"2022-07-11",3854.43,1.0088
"2022-07-12",3818.8,1.0069
"2022-07-13",3801.78,1.0081
"2022-07-14",3790.38,1.0028
"2022-07-15",3863.16,1.0089
"2022-07-18",3830.85,1.016
"2022-07-19",3936.69,1.0238
"2022-07-20",3959.9,1.0217
"2022-07-21",3998.95,1.0197
"2022-07-22",3961.63,1.0225
"2022-07-25",3966.84,1.0211
"2022-07-26",3921.05,1.0116
"2022-07-27",4023.61,1.0108
"2022-07-28",4072.43,1.0163
"2022-07-29",4130.29,1.0202
"2022-08-01",4118.63,1.027
"2022-08-02",4091.19,1.0194
"2022-08-03",4155.17,1.0146
"2022-08-04",4151.94,1.0221
"2022-08-05",4145.19,1.017
"2022-08-08",4140.06,1.0207
"2022-08-09",4122.47,1.0226
"2022-08-10",4210.24,1.0337
"2022-08-11",4207.27,1.0338
"2022-08-12",4280.15,1.0257
"2022-08-15",4297.14,1.0186
"2022-08-16",4305.2,1.0174
"2022-08-17",4274.04,1.0164
"2022-08-18",4283.74,1.0114
"2022-08-19",4228.48,1.0039
"2022-08-22",4137.99,0.9936
"2022-08-23",4128.73,0.9976
"2022-08-24",4140.77,0.9967
"2022-08-25",4199.12,0.9959
"2022-08-26",4057.66,0.9998
"2022-08-29",4030.61,1
"2022-08-30",3986.16,1.0018
"2022-08-31",3955,1.0065
"2022-09-01",3966.85,0.995
"2022-09-02",3924.26,1.003
"2022-09-05",NA,NA
"2022-09-06",3908.19,0.9914
"2022-09-07",3979.87,0.9942
"2022-09-08",4006.18,0.9956
"2022-09-09",4067.36,1.0046
"2022-09-12",4110.41,1.0129
"2022-09-13",3932.69,0.9997
"2022-09-14",3946.01,0.9993
"2022-09-15",3901.35,0.9991
"2022-09-16",3873.33,1.0013
"2022-09-19",3899.89,1.0003
"2022-09-20",3855.93,0.9994
"2022-09-21",3789.93,0.988
"2022-09-22",3757.99,0.9841
"2022-09-23",3693.23,0.9719
"2022-09-26",3655.04,0.9623
"2022-09-27",3647.29,0.9616
"2022-09-28",3719.04,0.9681
"2022-09-29",3640.47,0.9774
"2022-09-30",3585.62,0.9783
"2022-10-03",3678.43,0.9809
"2022-10-04",3790.93,0.9977
"2022-10-05",3783.28,0.9866
"2022-10-06",3744.52,0.9806
"2022-10-07",3639.66,0.9785
"2022-10-10",3612.39,NA
"2022-10-11",3588.84,0.9757
"2022-10-12",3577.03,0.9692
"2022-10-13",3669.91,0.978
"2022-10-14",3583.07,0.9739
"2022-10-17",3677.95,0.9843
"2022-10-18",3719.98,0.9842
"2022-10-19",3695.16,0.978
"2022-10-20",3665.78,0.9823
"2022-10-21",3752.75,0.9855
"2022-10-24",3797.34,0.9874
"2022-10-25",3859.11,0.9959
"2022-10-26",3830.6,1.0068
"2022-10-27",3807.3,0.9985
"2022-10-28",3901.06,0.9934
"2022-10-31",3871.98,0.9885
"2022-11-01",3856.1,0.9871
"2022-11-02",3759.69,0.9875
"2022-11-03",3719.89,0.9759
"2022-11-04",3770.55,0.9895
"2022-11-07",3806.8,0.9997
"2022-11-08",3828.11,1.0089
"2022-11-09",3748.57,1.0037
"2022-11-10",3956.37,1.0176
"2022-11-11",3992.93,NA
"2022-11-14",3957.25,1.0337
"2022-11-15",3991.73,1.0372
"2022-11-16",3958.79,1.0395
"2022-11-17",3946.56,1.0341
"2022-11-18",3965.34,1.0349
"2022-11-21",3949.94,1.0238
"2022-11-22",4003.58,1.0276
"2022-11-23",4027.26,1.0364
"2022-11-24",NA,NA
"2022-11-25",4026.12,1.0402
"2022-11-28",3963.94,1.0386
"2022-11-29",3957.63,1.0356
"2022-11-30",4080.11,1.0323
"2022-12-01",4076.57,1.0498
"2022-12-02",4071.7,1.0521
"2022-12-05",3998.84,1.0494
"2022-12-06",3941.26,1.0497
"2022-12-07",3933.92,1.0505
"2022-12-08",3963.51,1.0552
"2022-12-09",3934.38,1.055
"2022-12-12",3990.56,1.0545
"2022-12-13",4019.65,1.063
"2022-12-14",3995.32,1.0655
"2022-12-15",3895.75,1.0638
"2022-12-16",3852.36,1.061
"2022-12-19",3817.66,1.0624
"2022-12-20",3821.62,1.0635
"2022-12-21",3878.44,1.0599
"2022-12-22",3822.39,1.0588
"2022-12-23",3844.82,1.0621
"2022-12-26",NA,NA
"2022-12-27",3829.25,1.0654
"2022-12-28",3783.22,1.0622
"2022-12-29",3849.28,1.0668
"2022-12-30",3839.5,1.0698
"2023-01-02",NA,NA
"2023-01-03",3824.14,1.0559
"2023-01-04",3852.97,1.062
"2023-01-05",3808.1,1.0522
"2023-01-06",3895.08,1.0619
"2023-01-09",3892.09,1.0759
"2023-01-10",3919.25,1.0737
"2023-01-11",3969.61,1.074
"2023-01-12",3983.17,1.0823
"2023-01-13",3999.09,1.0811
"2023-01-16",NA,NA
"2023-01-17",3990.97,1.0793
"2023-01-18",3928.86,1.0827
"2023-01-19",3898.85,1.081
"2023-01-20",3972.61,1.0831
"2023-01-23",4019.81,1.0865
"2023-01-24",4016.95,1.0873
"2023-01-25",4016.22,1.0901
"2023-01-26",4060.43,1.0866
"2023-01-27",4070.56,1.0857
"2023-01-30",4017.77,1.0867
"2023-01-31",4076.6,1.0858
"2023-02-01",4119.21,1.0917
"2023-02-02",4179.76,1.0918
"2023-02-03",4136.48,1.0825
"2023-02-06",4111.08,1.0722
"2023-02-07",4164,1.0705
"2023-02-08",4117.86,1.0734
"2023-02-09",4081.5,1.0761
"2023-02-10",4090.46,1.067
"2023-02-13",4137.29,1.0718
"2023-02-14",4136.13,1.0722
"2023-02-15",4147.6,1.0683
"2023-02-16",4090.41,1.0684
"2023-02-17",4079.09,1.0678
"2023-02-20",NA,NA
"2023-02-21",3997.34,1.0657
"2023-02-22",3991.05,1.0623
"2023-02-23",4012.32,1.0583
"2023-02-24",3970.04,1.0545
"2023-02-27",3982.24,1.0596
"2023-02-28",3970.15,1.0602
"2023-03-01",3951.39,1.0674
"2023-03-02",3981.35,1.0595
"2023-03-03",4045.64,1.0616
"2023-03-06",4048.42,1.0694
"2023-03-07",3986.37,1.0573
"2023-03-08",3992.01,1.0549
"2023-03-09",3918.32,1.0577
"2023-03-10",3861.59,1.0659
"2023-03-13",3855.76,1.0733
"2023-03-14",3919.29,1.0722
"2023-03-15",3891.93,1.0535
"2023-03-16",3960.28,1.0622
"2023-03-17",3916.64,1.0647
"2023-03-20",3951.57,1.0722
"2023-03-21",4002.87,1.0769
"2023-03-22",3936.97,1.0792
"2023-03-23",3948.72,1.089
"2023-03-24",3970.99,1.0762
"2023-03-27",3977.53,1.0789
"2023-03-28",3971.27,1.0844
"2023-03-29",4027.81,1.0826
"2023-03-30",4050.83,1.0899
"2023-03-31",4109.31,1.0872
"2023-04-03",4124.51,1.0891
"2023-04-04",4100.6,1.0951
"2023-04-05",4090.38,1.0918
"2023-04-06",4105.02,1.0927
"2023-04-07",NA,1.0913
"2023-04-10",4109.11,1.084
"2023-04-11",4108.94,1.0906
"2023-04-12",4091.95,1.0987
"2023-04-13",4146.22,1.1054
"2023-04-14",4137.64,1.098
"2023-04-17",4151.32,1.0915
"2023-04-18",4154.87,1.0958
"2023-04-19",4154.52,1.0953
"2023-04-20",4129.79,1.097
"2023-04-21",4133.52,1.0973
"2023-04-24",4137.04,1.1027
"2023-04-25",4071.63,1.0968
"2023-04-26",4055.99,1.1052
"2023-04-27",4135.35,1.1017
"2023-04-28",4169.48,1.104
"2023-05-01",4167.87,1.097
"2023-05-02",4119.58,1.0997
"2023-05-03",4090.75,1.1049
"2023-05-04",4061.22,1.1009
"2023-05-05",4136.25,1.1026
"2023-05-08",4138.12,1.102
"2023-05-09",4119.17,1.0953
"2023-05-10",4137.64,1.0966
"2023-05-11",4130.62,1.0916
"2023-05-12",4124.08,1.0856
"2023-05-15",4136.28,1.0874
"2023-05-16",4109.9,1.0866
"2023-05-17",4158.77,1.083
"2023-05-18",4198.05,1.0776
"2023-05-19",4191.98,1.0819
"2023-05-22",4192.63,1.0806
"2023-05-23",4145.58,1.0771
"2023-05-24",4115.24,1.0758
"2023-05-25",4151.28,1.0725
"2023-05-26",4205.45,1.0713
"2023-05-29",NA,NA
"2023-05-30",4205.52,1.0722
"2023-05-31",4179.83,1.0654
"2023-06-01",4221.02,1.0752
"2023-06-02",4282.37,1.0724
"2023-06-05",4273.79,1.0721
"2023-06-06",4283.85,1.0695
"2023-06-07",4267.52,1.0702
"2023-06-08",4293.93,1.078
"2023-06-09",4298.86,1.0749
"2023-06-12",4338.93,1.0747
"2023-06-13",4369.01,1.0792
"2023-06-14",4372.59,1.0859
"2023-06-15",4425.84,1.0933
"2023-06-16",4409.59,1.0925
"2023-06-19",NA,NA
"2023-06-20",4388.71,1.09
"2023-06-21",4365.69,1.0951
"2023-06-22",4381.89,1.0953
"2023-06-23",4348.33,1.0887
"2023-06-26",4328.82,1.091
"2023-06-27",4378.41,1.0961
"2023-06-28",4376.86,1.0904
"2023-06-29",4396.44,1.0881
"2023-06-30",4450.38,1.092
"2023-07-03",4455.59,1.0919
"2023-07-04",NA,NA
"2023-07-05",4446.82,1.0868
"2023-07-06",4411.59,1.0873
"2023-07-07",4398.95,1.0964
"2023-07-10",4409.53,1.0991
"2023-07-11",4439.26,1.0992
"2023-07-12",4472.16,1.1123
"2023-07-13",4510.04,1.1194
"2023-07-14",4505.42,1.1237
"2023-07-17",4522.79,1.1236
"2023-07-18",4554.98,1.1223
"2023-07-19",4565.72,1.1195
"2023-07-20",4534.87,1.1135
"2023-07-21",4536.34,1.112
"2023-07-24",4554.64,1.1083
"2023-07-25",4567.46,1.105
"2023-07-26",4566.75,1.1078
"2023-07-27",4537.41,1.0998
"2023-07-28",4582.23,1.1039
"2023-07-31",4588.96,1.102
"2023-08-01",4576.73,1.0971
"2023-08-02",4513.39,1.0939
"2023-08-03",4501.89,1.0947
"2023-08-04",4478.03,1.1036
"2023-08-07",4518.44,1.1
"2023-08-08",4499.38,1.0951
"2023-08-09",4467.71,1.0975
"2023-08-10",4468.83,1.1016
"2023-08-11",4464.05,1.0957
"2023-08-14",4489.72,1.0922
"2023-08-15",4437.86,1.0928
"2023-08-16",4404.33,1.0904
"2023-08-17",4370.36,1.0874
"2023-08-18",4369.71,1.0875
"2023-08-21",4399.77,1.0888
"2023-08-22",4387.55,1.0846
"2023-08-23",4436.01,1.0862
"2023-08-24",4376.31,1.0826
"2023-08-25",4405.71,1.0787
"2023-08-28",4433.31,1.081
"2023-08-29",4497.63,1.0851
"2023-08-30",4514.87,1.0926
"2023-08-31",4507.66,1.0839
"2023-09-01",4515.77,1.0787
"2023-09-04",NA,NA
"2023-09-05",4496.83,1.0727
"2023-09-06",4465.48,1.0714
"2023-09-07",4451.14,1.0704
"2023-09-08",4457.49,1.0709
"2023-09-11",4487.46,1.0744
"2023-09-12",4461.9,1.0726
"2023-09-13",4467.44,1.0737
"2023-09-14",4505.1,1.066
"2023-09-15",4450.32,1.0673
"2023-09-18",4453.53,1.0695
"2023-09-19",4443.95,1.0684
"2023-09-20",4402.2,1.0715
"2023-09-21",4330,1.0664
"2023-09-22",4320.06,1.066
"2023-09-25",4337.44,1.0591
"2023-09-26",4273.53,1.0573
"2023-09-27",4274.51,1.051
"2023-09-28",4299.7,1.0578
"2023-09-29",4288.05,1.0584
"2023-10-02",4288.39,1.05
"2023-10-03",4229.45,1.0453
"2023-10-04",4263.75,1.0518
"2023-10-05",4258.19,1.0527
"2023-10-06",4308.5,1.0596
"2023-10-09",4335.66,NA
"2023-10-10",4358.24,1.0618
"2023-10-11",4376.95,1.062
"2023-10-12",4349.61,1.0553
"2023-10-13",4327.78,1.0502
"2023-10-16",4373.63,1.0546
"2023-10-17",4373.2,1.0593
"2023-10-18",4314.6,1.0532
"2023-10-19",4278,1.057
"2023-10-20",4224.16,1.0592
"2023-10-23",4217.04,1.0646
"2023-10-24",4247.68,1.0595
"2023-10-25",4186.77,1.0583
"2023-10-26",4137.23,1.0532
"2023-10-27",4117.37,1.0592
"2023-10-30",4166.82,1.062
"2023-10-31",4193.8,1.0568
"2023-11-01",4237.86,1.0538
"2023-11-02",4317.78,1.0618
"2023-11-03",4358.34,1.0733
"2023-11-06",4365.98,1.0747
"2023-11-07",4378.38,1.0687
"2023-11-08",4382.78,1.0715
"2023-11-09",4347.35,1.071
"2023-11-10",4415.24,NA
"2023-11-13",4411.55,1.07
"2023-11-14",4495.7,1.0861
"2023-11-15",4502.88,1.0853
"2023-11-16",4508.24,1.0851
"2023-11-17",4514.02,1.0879
"2023-11-20",4547.38,1.0945
"2023-11-21",4538.19,1.0923
"2023-11-22",4556.62,1.0871
"2023-11-23",NA,NA
"2023-11-24",4559.34,1.0934
"2023-11-27",4550.43,1.0937
"2023-11-28",4554.89,1.1007
"2023-11-29",4550.58,1.0969
"2023-11-30",4567.8,1.0908
"2023-12-01",4594.63,1.0878
"2023-12-04",4569.78,1.0824
"2023-12-05",4567.18,1.0787
"2023-12-06",4549.34,1.079
"2023-12-07",4585.59,1.0794
"2023-12-08",4604.37,1.0746
"2023-12-11",4622.44,1.0747
"2023-12-12",4643.7,1.079
"2023-12-13",4707.09,1.0793
"2023-12-14",4719.55,1.0997
"2023-12-15",4719.19,1.0906
"2023-12-18",4740.56,1.092
"2023-12-19",4768.37,1.0977
"2023-12-20",4698.35,1.0957
"2023-12-21",4746.75,1.099
"2023-12-22",4754.63,1.1008
"2023-12-25",NA,NA
"2023-12-26",4774.75,1.1035
"2023-12-27",4781.58,1.1114
"2023-12-28",4783.35,1.1073
"2023-12-29",4769.83,1.1062
"2024-01-01",NA,NA
"2024-01-02",4742.83,1.0957
"2024-01-03",4704.81,1.0909
"2024-01-04",4688.68,1.0957
"2024-01-05",4697.24,1.0957
"2024-01-08",4763.54,1.0976
"2024-01-09",4756.5,1.0935
"2024-01-10",4783.45,1.096
"2024-01-11",4780.24,1.0943
"2024-01-12",4783.83,1.0959
"2024-01-15",NA,NA
"2024-01-16",4765.98,1.0882
"2024-01-17",4739.21,1.0858
"2024-01-18",4780.94,1.0863
"2024-01-19",4839.81,1.0887
"2024-01-22",4850.43,1.0895
"2024-01-23",4864.6,1.0829
"2024-01-24",4868.55,1.0901
"2024-01-25",4894.16,1.0837
"2024-01-26",4890.97,1.0866
"2024-01-29",4927.93,1.0807
"2024-01-30",4924.97,1.0844
"2024-01-31",4845.65,1.0855
"2024-02-01",4906.19,1.0865
"2024-02-02",4958.61,1.0787
"2024-02-05",4942.81,1.0736
"2024-02-06",4954.23,1.0751
"2024-02-07",4995.06,1.0769
"2024-02-08",4997.91,1.0774
"2024-02-09",5026.61,1.0782
"2024-02-12",5021.84,1.0774
"2024-02-13",4953.17,1.072
"2024-02-14",5000.62,1.0735
"2024-02-15",5029.73,1.0761
"2024-02-16",5005.57,1.0769
"2024-02-19",NA,NA
"2024-02-20",4975.51,1.0814
"2024-02-21",4981.8,1.0818
"2024-02-22",5087.03,1.0815
"2024-02-23",5088.8,1.0828
"2024-02-26",5069.53,1.0855
"2024-02-27",5078.18,1.0857
"2024-02-28",5069.76,1.0843
"2024-02-29",5096.27,1.0807
"2024-03-01",5137.08,1.0832
"2024-03-04",5130.95,1.0862
"2024-03-05",5078.65,1.0861
"2024-03-06",5104.76,1.0913
"2024-03-07",5157.36,1.0941
"2024-03-08",5123.69,1.0941
"2024-03-11",5117.94,1.0928
"2024-03-12",5175.27,1.0918
"2024-03-13",5165.31,1.0944
"2024-03-14",5150.48,1.0888
"2024-03-15",5117.09,1.0888
"2024-03-18",5149.42,1.0886
"2024-03-19",5178.51,1.0859
"2024-03-20",5224.62,1.0856
"2024-03-21",5241.53,1.0861
"2024-03-22",5234.18,1.0817
"2024-03-25",5218.19,1.0837
"2024-03-26",5203.58,1.0829
"2024-03-27",5248.49,1.0821
"2024-03-28",5254.35,1.0801
"2024-03-29",NA,1.0791
"2024-04-01",5243.77,1.0733
"2024-04-02",5205.81,1.0769
"2024-04-03",5211.49,1.0827
"2024-04-04",5147.21,1.0865
"2024-04-05",5204.34,1.0841
"2024-04-08",5202.39,1.0853
"2024-04-09",5209.91,1.0856
"2024-04-10",5160.64,1.0737
"2024-04-11",5199.06,1.0722
"2024-04-12",5123.41,1.0647
"2024-04-15",5061.82,1.0644
"2024-04-16",5051.41,1.0628
"2024-04-17",5022.21,1.0644
"2024-04-18",5011.12,1.066
"2024-04-19",4967.23,1.0655
"2024-04-22",5010.6,1.0655
"2024-04-23",5070.55,1.0695
"2024-04-24",5071.63,1.0687
"2024-04-25",5048.42,1.0721
"2024-04-26",5099.96,1.0686
"2024-04-29",5116.17,1.0717
"2024-04-30",5035.69,1.0684
"2024-05-01",5018.39,1.068
"2024-05-02",5064.2,1.0706
"2024-05-03",5127.79,1.077
"2024-05-06",5180.74,1.0779
"2024-05-07",5187.7,1.0767
"2024-05-08",5187.67,1.0755
"2024-05-09",5214.08,1.0771
"2024-05-10",5222.68,1.0773
"2024-05-13",5221.42,1.0796
"2024-05-14",5246.68,1.0818
"2024-05-15",5308.15,1.086
"2024-05-16",5297.1,1.0875
"2024-05-17",5303.27,1.0869
"2024-05-20",5308.13,1.0861
"2024-05-21",5321.41,1.0855
"2024-05-22",5307.01,1.0836
"2024-05-23",5267.84,1.0827
"2024-05-24",5304.72,1.0852
"2024-05-27",NA,NA
"2024-05-28",5306.04,1.0879
"2024-05-29",5266.95,1.0811
"2024-05-30",5235.48,1.0837
"2024-05-31",5277.51,1.0846
"2024-06-03",5283.4,1.089
"2024-06-04",5291.34,1.0878
"2024-06-05",5354.03,1.0865
"2024-06-06",5352.96,1.0883
"2024-06-07",5346.99,1.0807
"2024-06-10",5360.79,1.0751
"2024-06-11",5375.32,1.0733
"2024-06-12",5421.03,1.0843
"2024-06-13",5433.74,1.0756
"2024-06-14",5431.6,1.0699
"2024-06-17",5473.23,1.0723
"2024-06-18",5487.03,1.0739
"2024-06-19",NA,NA
"2024-06-20",5473.17,1.0708
"2024-06-21",5464.62,1.0694
"2024-06-24",5447.87,1.0727
"2024-06-25",5469.3,1.0705
"2024-06-26",5477.9,1.0682
"2024-06-27",5482.87,1.0708
"2024-06-28",5460.48,1.0711
"2024-07-01",5475.09,1.0728
"2024-07-02",5509.01,1.0737
"2024-07-03",5537.02,1.0799
"2024-07-04",NA,NA
"2024-07-05",5567.19,1.0828
"2024-07-08",5572.85,1.0835
"2024-07-09",5576.98,1.0813
"2024-07-10",5633.91,1.0823
"2024-07-11",5584.54,1.087
"2024-07-12",5615.35,1.0902
"2024-07-15",5631.22,1.0912
"2024-07-16",5667.2,1.0885
"2024-07-17",5588.27,1.0933
"2024-07-18",5544.59,1.0913
"2024-07-19",5505,1.0888
"2024-07-22",5564.41,1.088
"2024-07-23",5555.74,1.0855
"2024-07-24",5427.13,1.0853
"2024-07-25",5399.22,1.0861
"2024-07-26",5459.1,1.0859
"2024-07-29",5463.54,1.0819
"2024-07-30",5436.44,1.0809
"2024-07-31",5522.3,1.0823
"2024-08-01",5446.68,1.0789
"2024-08-02",5346.56,1.0914
"2024-08-05",5186.33,1.0957
"2024-08-06",5240.03,1.0926
"2024-08-07",5199.5,1.0925
"2024-08-08",5319.31,1.0914
"2024-08-09",5344.16,1.0925
"2024-08-12",5344.39,1.0928
"2024-08-13",5434.43,1.0954
"2024-08-14",5455.21,1.1024
"2024-08-15",5543.22,1.0986
"2024-08-16",5554.25,1.0996
"2024-08-19",5608.25,1.107
"2024-08-20",5597.12,1.1106
"2024-08-21",5620.85,1.1143
"2024-08-22",5570.64,1.1114
"2024-08-23",5634.61,1.1176
"2024-08-26",5616.84,1.1164
"2024-08-27",5625.8,1.116
"2024-08-28",5592.18,1.1127
"2024-08-29",5591.96,1.1086
"2024-08-30",5648.4,1.106
"2024-09-02",NA,NA
"2024-09-03",5528.93,1.1043
"2024-09-04",5520.07,1.1081
"2024-09-05",5503.41,1.1096
"2024-09-06",5408.42,1.1086
"2024-09-09",5471.05,1.1042
"2024-09-10",5495.52,1.1025
"2024-09-11",5554.13,1.1012
"2024-09-12",5595.76,1.1041
"2024-09-13",5626.02,1.1085
"2024-09-16",5633.09,1.1123
"2024-09-17",5634.58,1.1118
"2024-09-18",5618.26,1.1116
"2024-09-19",5713.64,1.1147
"2024-09-20",5702.55,1.1159
"2024-09-23",5718.57,1.113
"2024-09-24",5732.93,1.115
"2024-09-25",5722.26,1.1143
"2024-09-26",5745.37,1.1184
"2024-09-27",5738.17,1.1159
"2024-09-30",5762.48,1.1145
"2024-10-01",5708.75,1.1067
"2024-10-02",5709.54,1.105
"2024-10-03",5699.94,1.1015
"2024-10-04",5751.07,1.0961
"2024-10-07",5695.94,1.0976
"2024-10-08",5751.13,1.097
"2024-10-09",5792.04,1.0951
"2024-10-10",5780.05,1.0925
"2024-10-11",5815.03,1.0942
"2024-10-14",5859.85,NA
"2024-10-15",5815.26,1.0899
"2024-10-16",5842.47,1.0873
"2024-10-17",5841.47,1.0837
"2024-10-18",5864.67,1.0854
"2024-10-21",5853.98,1.082
"2024-10-22",5851.2,1.0805
"2024-10-23",5797.42,1.0779
"2024-10-24",5809.86,1.0806
"2024-10-25",5808.12,1.0813
"2024-10-28",5823.52,1.0819
"2024-10-29",5832.92,1.0798
"2024-10-30",5813.67,1.0864
"2024-10-31",5705.45,1.0855
"2024-11-01",5728.8,1.0848
"2024-11-04",5712.69,1.0884
"2024-11-05",5782.76,1.092
"2024-11-06",5929.04,1.0732
"2024-11-07",5973.1,1.0792
"2024-11-08",5995.54,1.071
"2024-11-11",6001.35,NA
"2024-11-12",5983.99,1.0598
"2024-11-13",5985.38,1.0567
"2024-11-14",5949.17,1.0562
"2024-11-15",5870.62,1.0552
"2024-11-18",5893.62,1.0586
"2024-11-19",5916.98,1.0578
"2024-11-20",5917.11,1.0521
"2024-11-21",5948.71,1.0475
"2024-11-22",5969.34,1.0399
"2024-11-25",5987.37,1.0478
"2024-11-26",6021.63,1.0481
"2024-11-27",5998.74,1.0575
"2024-11-28",NA,NA
"2024-11-29",6032.38,1.0547
"2024-12-02",6047.15,1.0484
"2024-12-03",6049.88,1.0518
"2024-12-04",6086.49,1.0527
"2024-12-05",6075.11,1.0571
"2024-12-06",6090.27,1.0563
"2024-12-09",6052.85,1.057
"2024-12-10",6034.91,1.0512
"2024-12-11",6084.19,1.0508
"2024-12-12",6051.25,1.0514
"2024-12-13",6051.09,1.0498
"2024-12-16",6074.08,1.0512
"2024-12-17",6050.61,1.0506
"2024-12-18",5872.16,1.0469
"2024-12-19",5867.08,1.0357
"2024-12-20",5930.85,1.043
"2024-12-23",5974.07,1.0409
"2024-12-24",6040.04,1.0388
"2024-12-25",NA,NA
"2024-12-26",6037.59,1.0423
"2024-12-27",5970.84,1.0423
"2024-12-30",5906.94,1.0386
"2024-12-31",5881.63,1.0351
"2025-01-01",NA,NA
"2025-01-02",5868.55,1.0261
"2025-01-03",5942.47,1.0292
"2025-01-06",5975.38,1.0397
"2025-01-07",5909.03,1.0369
"2025-01-08",5918.25,1.0313
"2025-01-09",NA,1.0298
"2025-01-10",5827.04,1.0238
"2025-01-13",5836.22,1.0209
"2025-01-14",5842.91,1.0292
"2025-01-15",5949.91,1.0282
"2025-01-16",5937.34,1.0303
"2025-01-17",5996.66,1.0287
"2025-01-20",NA,NA
"2025-01-21",6049.24,1.0423
"2025-01-22",6086.37,1.042
"2025-01-23",6118.71,1.042
"2025-01-24",6101.24,1.0515
"2025-01-27",6012.28,1.0492
"2025-01-28",6067.7,1.0427
"2025-01-29",6039.31,1.0416
"2025-01-30",6071.17,1.042
"2025-01-31",6040.53,1.04
"2025-02-03",5994.57,1.0277
"2025-02-04",6037.88,1.0379
"2025-02-05",6061.48,1.0419
"2025-02-06",6083.57,1.0368
"2025-02-07",6025.99,1.0329
"2025-02-10",6066.44,1.0312
"2025-02-11",6068.5,1.0346
"2025-02-12",6051.97,1.0392
"2025-02-13",6115.07,1.0428
"2025-02-14",6114.63,1.0498
"2025-02-17",NA,NA
"2025-02-18",6129.58,1.0457
"2025-02-19",6144.15,1.0406
"2025-02-20",6117.52,1.0475
"2025-02-21",6013.13,1.0455
"2025-02-24",5983.25,1.0478
"2025-02-25",5955.25,1.0498
"2025-02-26",5956.06,1.0514
"2025-02-27",5861.57,1.0414
"2025-02-28",5954.5,1.0402
"2025-03-03",5849.72,1.0496
"2025-03-04",5778.15,1.0534
"2025-03-05",5842.63,1.0768
"2025-03-06",5738.52,1.0818
"2025-03-07",5770.2,1.0859
"2025-03-10",5614.56,1.0837
"2025-03-11",5572.07,1.0927
"2025-03-12",5599.3,1.0925
"2025-03-13",5521.52,1.0859
"2025-03-14",5638.94,1.0872
"2025-03-17",5675.12,1.0922
"2025-03-18",5614.66,1.0927
"2025-03-19",5675.29,1.0877
"2025-03-20",5662.89,1.0848
"2025-03-21",5667.56,1.0806
"2025-03-24",5767.57,1.0794
"2025-03-25",5776.65,1.0804
"2025-03-26",5712.2,1.0781
"2025-03-27",5693.31,1.08
"2025-03-28",5580.94,1.0826
"2025-03-31",5611.85,1.0796
"2025-04-01",5633.07,1.08
"2025-04-02",5670.97,1.0868
"2025-04-03",5396.52,1.1052
"2025-04-04",5074.08,1.1014
"2025-04-07",5062.25,1.0912
"2025-04-08",4982.77,1.0912
"2025-04-09",5456.9,1.104
"2025-04-10",5268.05,1.1192
"2025-04-11",5363.36,1.1325
"2025-04-14",5405.97,1.1358
"2025-04-15",5396.63,1.129
"2025-04-16",5275.7,1.1382
"2025-04-17",5282.7,1.1364
"2025-04-18",NA,1.139
"2025-04-21",5158.2,1.1508
"2025-04-22",5287.76,1.1466
"2025-04-23",5375.86,1.135
"2025-04-24",5484.77,1.1363
"2025-04-25",5525.21,1.1381
"2025-04-28",5528.75,1.1387
"2025-04-29",5560.83,1.1396
"2025-04-30",5569.06,1.1349
"2025-05-01",5604.14,1.1279
"2025-05-02",5686.67,1.133
"2025-05-05",5650.38,1.1315
"2025-05-06",5606.91,1.1345
"2025-05-07",5631.28,1.1348
"2025-05-08",5663.94,1.1249
"2025-05-09",5659.91,1.127
"2025-05-12",5844.19,1.1106
"2025-05-13",5886.55,1.1176
"2025-05-14",5892.58,1.1206
"2025-05-15",5916.93,1.1189
"2025-05-16",5958.38,1.1141
"2025-05-19",5963.6,1.1236
"2025-05-20",5940.46,1.1254
"2025-05-21",5844.61,1.1343
"2025-05-22",5842.01,1.1281
"2025-05-23",5802.82,1.135
"2025-05-26",NA,NA
"2025-05-27",5921.54,1.1326
"2025-05-28",5888.55,1.1286
"2025-05-29",5912.17,1.137
"2025-05-30",5911.69,1.1347
"2025-06-02",5935.94,1.1432
"2025-06-03",5970.37,1.1373
"2025-06-04",5970.81,1.1424
"2025-06-05",5939.3,1.144
"2025-06-06",6000.36,1.1397
"2025-06-09",6005.88,1.1425
"2025-06-10",6038.81,1.1423
"2025-06-11",6022.24,1.149
"2025-06-12",6045.26,1.1578
"2025-06-13",5976.97,1.1557
"2025-06-16",6033.11,1.1581
"2025-06-17",5982.72,1.1535
"2025-06-18",5980.87,1.1521
"2025-06-19",NA,NA
"2025-06-20",5967.84,1.152
"2025-06-23",6025.17,1.1538
"2025-06-24",6092.18,1.1608
"2025-06-25",6092.16,1.162
"2025-06-26",6141.02,1.1717
"2025-06-27",6173.07,1.1724
"2025-06-30",6204.95,1.177
"2025-07-01",6198.01,1.1776
"2025-07-02",6227.42,1.179
"2025-07-03",6279.35,1.1758
"2025-07-04",NA,NA
"2025-07-07",6229.98,1.1733
"2025-07-08",6225.52,1.1707
"2025-07-09",6263.26,1.1707
"2025-07-10",6280.46,1.1688
"2025-07-11",6259.75,1.1696
"2025-07-14",6268.56,1.1672
"2025-07-15",6243.76,1.1619
"2025-07-16",6263.7,1.1629
"2025-07-17",6297.36,1.1597
"2025-07-18",6296.79,1.1645
"2025-07-21",6305.6,1.1705
"2025-07-22",6309.62,1.1749
"2025-07-23",6358.91,1.1748
"2025-07-24",6363.35,1.1765
"2025-07-25",6388.64,1.173
"2025-07-28",6389.77,1.1609
"2025-07-29",6370.86,1.1534
"2025-07-30",6362.9,1.147
"2025-07-31",6339.39,1.1431
"2025-08-01",6238.01,1.1555
"2025-08-04",6329.94,1.1568
"2025-08-05",6299.19,1.158
"2025-08-06",6345.06,1.1647
"2025-08-07",6340,1.1641
"2025-08-08",6389.45,1.166
"2025-08-11",6373.45,1.1607
"2025-08-12",6445.76,1.1673
"2025-08-13",6466.58,1.1715
"2025-08-14",6468.54,1.1644
"2025-08-15",6449.8,1.1708
"2025-08-18",6449.15,1.1667
"2025-08-19",6411.37,1.166
"2025-08-20",6395.78,1.1649
"2025-08-21",6370.17,1.1605
"2025-08-22",6466.91,1.1713
"2025-08-25",6439.32,1.167
"2025-08-26",6465.94,1.1657
"2025-08-27",6481.4,1.1611
"2025-08-28",6501.86,1.1672
"2025-08-29",6460.26,1.1695
"2025-09-01",NA,NA
"2025-09-02",6415.54,1.1653
"2025-09-03",6448.26,1.1676
"2025-09-04",6502.08,1.1648
"2025-09-05",6481.5,1.1759
"2025-09-08",6495.15,1.1751
"2025-09-09",6512.61,1.1723
"2025-09-10",6532.04,1.1714
"2025-09-11",6587.47,1.1732
"2025-09-12",6584.29,1.1714
"2025-09-15",6615.28,1.1772
"2025-09-16",6606.76,1.1848
"2025-09-17",6600.35,1.1845
"2025-09-18",6631.96,1.178
"2025-09-19",6664.36,1.1753
"2025-09-22",6693.75,1.1773
"2025-09-23",6656.92,1.18
"2025-09-24",6637.97,1.1742
"2025-09-25",6604.72,1.1673
"2025-09-26",6643.7,1.1692
"2025-09-29",6661.21,1.173
"2025-09-30",6688.46,1.1735
"2025-10-01",6711.2,1.1723
"2025-10-02",6715.35,1.1696
"2025-10-03",6715.79,1.1747
"2025-10-06",6740.28,1.1707
"2025-10-07",6714.59,1.1674
"2025-10-08",6753.72,1.1606
"2025-10-09",6735.11,1.1559
"2025-10-10",6552.51,1.1613
"2025-10-13",6654.72,NA
"2025-10-14",6644.31,1.1608
"2025-10-15",6671.06,1.1638
"2025-10-16",6629.07,1.1665
"2025-10-17",6664.01,1.1674
"2025-10-20",6735.13,1.1656
"2025-10-21",6735.35,1.1616
"2025-10-22",6699.4,1.1612
"2025-10-23",6738.44,1.1612
"2025-10-24",6791.69,1.1626
"2025-10-27",6875.16,1.1636
"2025-10-28",6890.89,1.1659
"2025-10-29",6890.59,1.1664
"2025-10-30",6822.34,1.1564
"2025-10-31",6840.2,1.1541
"2025-11-03",6851.97,1.1531
"2025-11-04",6771.55,1.1491
"2025-11-05",6796.29,1.1485
"2025-11-06",6720.32,1.1539
"2025-11-07",6728.8,1.1578
"2025-11-10",6832.43,1.1545
"2025-11-11",6846.61,NA
"2025-11-12",6850.92,1.1592
"2025-11-13",6737.49,1.1649
"2025-11-14",6734.11,1.1617
"2025-11-17",6672.41,1.1598
"2025-11-18",6617.32,1.1579
"2025-11-19",6642.16,1.154
"2025-11-20",6538.76,1.1534
"2025-11-21",6602.99,1.1506
"2025-11-24",6705.12,1.1518
"2025-11-25",6765.88,1.1553
"2025-11-26",6812.61,1.1591
"2025-11-27",NA,NA
"2025-11-28",6849.09,1.16
"2025-12-01",6812.63,1.1623
"2025-12-02",6829.37,1.1596
"2025-12-03",6849.72,1.166
"2025-12-04",6857.12,1.1659
"2025-12-05",6870.4,1.1635
"2025-12-08",6846.51,1.1626
"2025-12-09",6840.51,1.1639
"2025-12-10",6886.68,1.165
"2025-12-11",6901,1.1756
"2025-12-12",6827.41,1.1731
"2025-12-15",6816.51,1.1756
"2025-12-16",6800.26,1.177
"2025-12-17",6721.43,1.1748
"2025-12-18",6774.76,1.1729
"2025-12-19",6834.5,1.1721
"2025-12-22",6878.49,1.175
"2025-12-23",6909.79,1.1776
"2025-12-24",6932.05,1.178
"2025-12-25",NA,NA
"2025-12-26",6929.94,1.1766
"2025-12-29",6905.74,1.1756
"2025-12-30",6896.24,1.1765
"2025-12-31",6845.5,1.1736
"2026-01-01",NA,NA
"2026-01-02",6858.47,1.1738
"2026-01-05",6902.05,1.1715
"2026-01-06",6944.82,1.1689
"2026-01-07",6920.93,1.169
"2026-01-08",6921.46,1.1655
"2026-01-09",6966.28,1.1634
"2026-01-12",6977.27,1.1672
"2026-01-13",6963.74,1.1646
"2026-01-14",6926.6,1.1655
"2026-01-15",6944.47,1.1605
"2026-01-16",6940.01,1.1599
"2026-01-19",NA,NA
"2026-01-20",6796.86,1.1739
"2026-01-21",6875.62,1.1705
"2026-01-22",6913.35,1.1738
"2026-01-23",6915.61,1.1771
"2026-01-26",6950.23,1.1886
"2026-01-27",6978.6,1.198
"2026-01-28",6978.03,1.1941
"2026-01-29",6969.01,1.1943
"2026-01-30",6939.03,1.1885
"2026-02-02",6976.44,1.1807
"2026-02-03",6917.81,1.1819
"2026-02-04",6882.72,1.1803
"2026-02-05",6798.4,1.1802
"2026-02-06",6932.3,1.1812
"2026-02-09",6964.82,1.1898
"2026-02-10",6941.81,1.1898
"2026-02-11",6941.47,1.1884
"2026-02-12",6832.76,1.187
"2026-02-13",6836.17,1.187
"2026-02-16",NA,NA
"2026-02-17",6843.22,1.1831
"2026-02-18",6881.31,1.181
"2026-02-19",6861.89,1.1762
"2026-02-20",6909.51,1.1781
"2026-02-23",6837.75,1.1804
"2026-02-24",6890.07,1.1789
"2026-02-25",6946.13,1.1804
"2026-02-26",6908.86,1.1792
"2026-02-27",6878.88,1.1822
"2026-03-02",6881.62,1.169
"2026-03-03",6816.63,1.1604
"2026-03-04",6869.5,1.1638
"2026-03-05",6830.71,1.1585
"2026-03-06",6740.02,1.1606
"2026-03-09",6795.99,1.1592
"2026-03-10",6781.48,1.1648
"2026-03-11",6775.8,1.1566
"2026-03-12",6672.62,1.1522
"2026-03-13",6632.19,1.1444
"2026-03-16",6699.38,1.1487
"2026-03-17",6716.09,1.1525
"2026-03-18",6624.7,1.1513
"2026-03-19",6606.49,1.1515
"2026-03-20",6506.48,1.1543
"2026-03-23",6581,1.1587
"2026-03-24",6556.37,1.1578
"2026-03-25",6591.9,1.157
"2026-03-26",6477.16,1.1542
"2026-03-27",6368.85,1.152
"2026-03-30",6343.72,1.1454
"2026-03-31",6528.52,1.1518
"2026-04-01",6575.32,1.1614
"2026-04-02",6582.69,1.1546
"2026-04-03",NA,1.1523
"2026-04-06",6611.83,1.1545
"2026-04-07",6616.85,1.1571
"2026-04-08",6782.81,1.1686
"2026-04-09",6824.66,1.1706
"2026-04-10",6816.89,1.1723
"2026-04-13",6886.24,1.171
"2026-04-14",6967.38,1.1791
"2026-04-15",7022.95,1.1799
"2026-04-16",7041.28,1.1783
"2026-04-17",7126.06,1.1801
"2026-04-20",7109.14,1.1785
"2026-04-21",7064.01,1.1752
"2026-04-22",7137.9,1.1714
"2026-04-23",7108.4,1.1704
"2026-04-24",7165.08,1.1718
"2026-04-27",7173.91,1.1731
"2026-04-28",7138.8,1.1715
"2026-04-29",7135.95,1.1695
"2026-04-30",7209.01,1.1729
"2026-05-01",7230.12,1.1755
"2026-05-04",7200.75,1.1698
"2026-05-05",7259.22,1.1707
"2026-05-06",7365.12,1.1753
"2026-05-07",7337.11,1.1764
"2026-05-08",7398.93,1.1773
"2026-05-11",7412.84,1.178
"2026-05-12",7400.96,1.1733
"2026-05-13",7444.25,1.1711
"2026-05-14",7501.24,1.1678
"2026-05-15",7408.5,1.1627
"2026-05-18",7403.05,1.1649
"2026-05-19",7353.61,1.1602
"2026-05-20",7432.97,1.162
"2026-05-21",7445.72,1.1589
"2026-05-22",7473.47,1.1603
"2026-05-25",NA,NA
"2026-05-26",7519.12,1.162
"2026-05-27",7520.36,1.1631
"2026-05-28",7563.63,1.1649
"2026-05-29",7580.06,1.1679
"2026-06-01",7599.96,1.1624
"2026-06-02",7609.78,1.1642
"2026-06-03",7553.68,1.1605
"2026-06-04",7584.31,1.1629
"2026-06-05",7383.74,1.1533
"2026-06-08",7405.73,1.1545
"2026-06-09",7386.65,1.1556
"2026-06-10",7266.99,1.155
"2026-06-11",7394.3,1.1515
"2026-06-12",7431.46,1.1573
"2026-06-15",7554.29,1.1599
"2026-06-16",7511.35,1.1615
"2026-06-17",7420.1,1.1593
"2026-06-18",7500.58,1.147
"2026-06-19",NA,NA
"2026-06-22",7472.79,1.1432
"2026-06-23",7365.46,1.1383
"2026-06-24",7358.22,1.1348
"2026-06-25",7357.49,1.1385
"2026-06-26",7354.02,1.1403
"2026-06-29",7440.43,1.1425
"2026-06-30",7499.36,1.1417
"2026-07-01",7483.23,1.1384
"2026-07-02",7483.24,1.1448
"2026-07-03",NA,NA
"2026-07-06",7537.43,1.1426
"2026-07-07",7503.85,1.1423
"2026-07-08",7482.71,1.1396
"2026-07-09",7543.64,1.1439
"2026-07-10",7575.39,1.1438
"2026-07-13",7515.34,1.1402
"2026-07-14",7543.59,1.1428
"2026-07-15",7572.4,1.1436
"2026-07-16",7533.77,1.1447
"2026-07-17",7457.69,1.144
"2026-07-20",7443.28,1.1411
"2026-07-21",7509.2,1.1408
"2026-07-22",7498.96,1.1414
"2026-07-23",7408.3,1.1373
"2026-07-24",7411.98,1.1385
"2026-07-27",7413.18,1.1376
"2026-07-28",7428.78,1.1401
"2026-07-29",7316.15,1.1384
"2026-07-30",7437.63,1.1522
"2026-07-31",7489.72,1.1519
"2026-08-03",7600.5,1.1509
"2026-08-04",7736.52,1.1527
"2026-08-05",7723.55,1.1547
"2026-08-06",7709.96,1.1521
"2026-08-07",7757.64,1.1559
"2026-08-10",7753.11,1.1552
"2026-08-11",7728.2,1.1543
"2026-08-12",7748.5,1.154
"2026-08-13",7798.99,1.1531
"2026-08-14",7785.76,1.1581
"2026-08-17",7745.06,1.1591
"2026-08-18",7691.76,1.158
"2026-08-19",7707.98,1.1664
"2026-08-20",7641.16,1.1679
"2026-08-21",7674.37,1.1684
"2026-08-24",7652.86,1.1665
"2026-08-25",7677.28,1.1673
"2026-08-26",7675.7,1.1651
"2026-08-27",7730.99,1.1654
"2026-08-28",7711.76,1.1598
"2026-08-31",7686.14,1.1617
"2026-09-01",7631.47,1.1593
"2026-09-02",7666.6,1.1592
"2026-09-03",7747.71,1.1623
"2026-09-04",7718.6,1.1618
"2026-09-07",NA,NA
"2026-09-08",7673.52,1.1627
"2026-09-09",7636.36,1.1627
"2026-09-10",7591.7,1.1629
"2026-09-11",7656.98,1.1604
"2026-09-14",7619.98,1.1549
"2026-09-15",7585.73,1.1542
"2026-09-16",7551.81,1.1538
"2026-09-17",7637.76,1.1479
"2026-09-18",7650.5,1.1464
