"date","close","vix"
"2016-09-26",2146.1,14.5
"2016-09-27",2159.93,13.1
"2016-09-28",2171.37,12.39
"2016-09-29",2151.13,14.02
"2016-09-30",2168.27,13.29
"2016-10-03",2161.2,13.57
"2016-10-04",2150.49,13.63
"2016-10-05",2159.73,12.99
"2016-10-06",2160.77,12.84
"2016-10-07",2153.74,13.48
"2016-10-10",2163.66,13.38
"2016-10-11",2136.73,15.36
"2016-10-12",2139.18,15.91
"2016-10-13",2132.55,16.69
"2016-10-14",2132.98,16.12
"2016-10-17",2126.5,16.21
"2016-10-18",2139.6,15.28
"2016-10-19",2144.29,14.41
"2016-10-20",2141.34,13.75
"2016-10-21",2141.16,13.34
"2016-10-24",2151.33,13.02
"2016-10-25",2143.16,13.46
"2016-10-26",2139.43,14.24
"2016-10-27",2133.04,15.36
"2016-10-28",2126.41,16.19
"2016-10-31",2126.15,17.06
"2016-11-01",2111.72,18.56
"2016-11-02",2097.94,19.32
"2016-11-03",2088.66,22.08
"2016-11-04",2085.18,22.51
"2016-11-07",2131.52,18.71
"2016-11-08",2139.56,18.74
"2016-11-09",2163.26,14.38
"2016-11-10",2167.48,14.74
"2016-11-11",2164.45,14.17
"2016-11-14",2164.2,14.48
"2016-11-15",2180.39,13.37
"2016-11-16",2176.94,13.72
"2016-11-17",2187.12,13.35
"2016-11-18",2181.9,12.85
"2016-11-21",2198.18,12.42
"2016-11-22",2202.94,12.41
"2016-11-23",2204.72,12.43
"2016-11-24",NA,NA
"2016-11-25",2213.35,12.34
"2016-11-28",2201.72,13.15
"2016-11-29",2204.66,12.9
"2016-11-30",2198.81,13.33
"2016-12-01",2191.08,14.07
"2016-12-02",2191.95,14.12
"2016-12-05",2204.71,12.14
"2016-12-06",2212.23,11.79
"2016-12-07",2241.35,12.22
"2016-12-08",2246.19,12.64
"2016-12-09",2259.53,11.75
"2016-12-12",2256.96,12.64
"2016-12-13",2271.72,12.72
"2016-12-14",2253.28,13.19
"2016-12-15",2262.03,12.79
"2016-12-16",2258.07,12.2
"2016-12-19",2262.53,11.71
"2016-12-20",2270.76,11.45
"2016-12-21",2265.18,11.27
"2016-12-22",2260.96,11.43
"2016-12-23",2263.79,11.44
"2016-12-26",NA,NA
"2016-12-27",2268.88,11.99
"2016-12-28",2249.92,12.95
"2016-12-29",2249.26,13.37
"2016-12-30",2238.83,14.04
"2017-01-02",NA,NA
"2017-01-03",2257.83,12.85
"2017-01-04",2270.75,11.85
"2017-01-05",2269,11.67
"2017-01-06",2276.98,11.32
"2017-01-09",2268.9,11.56
"2017-01-10",2268.9,11.49
"2017-01-11",2275.32,11.26
"2017-01-12",2270.44,11.54
"2017-01-13",2274.64,11.23
"2017-01-16",NA,NA
"2017-01-17",2267.89,11.87
"2017-01-18",2271.89,12.48
"2017-01-19",2263.69,12.78
"2017-01-20",2271.31,11.54
"2017-01-23",2265.2,11.77
"2017-01-24",2280.07,11.07
"2017-01-25",2298.37,10.81
"2017-01-26",2296.68,10.63
"2017-01-27",2294.69,10.58
"2017-01-30",2280.9,11.88
"2017-01-31",2278.87,11.99
"2017-02-01",2279.55,11.81
"2017-02-02",2280.85,11.93
"2017-02-03",2297.42,10.97
"2017-02-06",2292.56,11.37
"2017-02-07",2293.08,11.29
"2017-02-08",2294.67,11.45
"2017-02-09",2307.87,10.88
"2017-02-10",2316.1,10.85
"2017-02-13",2328.25,11.07
"2017-02-14",2337.58,10.74
"2017-02-15",2349.25,11.97
"2017-02-16",2347.22,11.76
"2017-02-17",2351.16,11.49
"2017-02-20",NA,NA
"2017-02-21",2365.38,11.57
"2017-02-22",2362.82,11.74
"2017-02-23",2363.81,11.71
"2017-02-24",2367.34,11.47
"2017-02-27",2369.75,12.09
"2017-02-28",2363.64,12.92
"2017-03-01",2395.96,12.54
"2017-03-02",2381.92,11.81
"2017-03-03",2383.12,10.96
"2017-03-06",2375.31,11.24
"2017-03-07",2368.39,11.45
"2017-03-08",2362.98,11.86
"2017-03-09",2364.87,12.3
"2017-03-10",2372.6,11.66
"2017-03-13",2373.47,11.35
"2017-03-14",2365.45,12.3
"2017-03-15",2385.26,11.63
"2017-03-16",2381.38,11.21
"2017-03-17",2378.25,11.28
"2017-03-20",2373.47,11.34
"2017-03-21",2344.02,12.47
"2017-03-22",2348.45,12.81
"2017-03-23",2345.96,13.12
"2017-03-24",2343.98,12.96
"2017-03-27",2341.59,12.5
"2017-03-28",2358.57,11.53
"2017-03-29",2361.13,11.42
"2017-03-30",2368.06,11.54
"2017-03-31",2362.72,12.37
"2017-04-03",2358.84,12.38
"2017-04-04",2360.16,11.79
"2017-04-05",2352.95,12.89
"2017-04-06",2357.49,12.39
"2017-04-07",2355.54,12.87
"2017-04-10",2357.16,14.05
"2017-04-11",2353.78,15.07
"2017-04-12",2344.93,15.77
"2017-04-13",2328.95,15.96
"2017-04-14",NA,NA
"2017-04-17",2349.01,14.66
"2017-04-18",2342.19,14.42
"2017-04-19",2338.17,14.93
"2017-04-20",2355.84,14.15
"2017-04-21",2348.69,14.63
"2017-04-24",2374.15,10.84
"2017-04-25",2388.61,10.76
"2017-04-26",2387.45,10.85
"2017-04-27",2388.77,10.36
"2017-04-28",2384.2,10.82
"2017-05-01",2388.33,10.11
"2017-05-02",2391.17,10.59
"2017-05-03",2388.13,10.68
"2017-05-04",2389.52,10.46
"2017-05-05",2399.29,10.57
"2017-05-08",2399.38,9.77
"2017-05-09",2396.92,9.96
"2017-05-10",2399.63,10.21
"2017-05-11",2394.44,10.6
"2017-05-12",2390.9,10.4
"2017-05-15",2402.32,10.42
"2017-05-16",2400.67,10.65
"2017-05-17",2357.03,15.59
"2017-05-18",2365.72,14.66
"2017-05-19",2381.73,12.04
"2017-05-22",2394.02,10.93
"2017-05-23",2398.42,10.72
"2017-05-24",2404.39,10.02
"2017-05-25",2415.07,9.99
"2017-05-26",2415.82,9.81
"2017-05-29",NA,NA
"2017-05-30",2412.91,10.38
"2017-05-31",2411.8,10.41
"2017-06-01",2430.06,9.89
"2017-06-02",2439.07,9.75
"2017-06-05",2436.1,10.07
"2017-06-06",2429.33,10.45
"2017-06-07",2433.14,10.39
"2017-06-08",2433.79,10.16
"2017-06-09",2431.77,10.7
"2017-06-12",2429.39,11.46
"2017-06-13",2440.35,10.42
"2017-06-14",2437.92,10.64
"2017-06-15",2432.46,10.9
"2017-06-16",2433.15,10.38
"2017-06-19",2453.46,10.37
"2017-06-20",2437.03,10.86
"2017-06-21",2435.61,10.75
"2017-06-22",2434.5,10.48
"2017-06-23",2438.3,10.02
"2017-06-26",2439.07,9.9
"2017-06-27",2419.38,11.06
"2017-06-28",2440.69,10.03
"2017-06-29",2419.7,11.44
"2017-06-30",2423.41,11.18
"2017-07-03",2429.01,11.22
"2017-07-04",NA,NA
"2017-07-05",2432.54,11.07
"2017-07-06",2409.75,12.54
"2017-07-07",2425.18,11.19
"2017-07-10",2427.43,11.11
"2017-07-11",2425.53,10.89
"2017-07-12",2443.25,10.3
"2017-07-13",2447.83,9.9
"2017-07-14",2459.27,9.51
"2017-07-17",2459.14,9.82
"2017-07-18",2460.61,9.89
"2017-07-19",2473.83,9.79
"2017-07-20",2473.45,9.58
"2017-07-21",2472.54,9.36
"2017-07-24",2469.91,9.43
"2017-07-25",2477.13,9.43
"2017-07-26",2477.83,9.6
"2017-07-27",2475.42,10.11
"2017-07-28",2472.1,10.29
"2017-07-31",2470.3,10.26
"2017-08-01",2476.35,10.09
"2017-08-02",2477.57,10.28
"2017-08-03",2472.16,10.44
"2017-08-04",2476.83,10.03
"2017-08-07",2480.91,9.93
"2017-08-08",2474.92,10.96
"2017-08-09",2474.02,11.11
"2017-08-10",2438.21,16.04
"2017-08-11",2441.32,15.51
"2017-08-14",2465.84,12.33
"2017-08-15",2464.61,12.04
"2017-08-16",2468.11,11.74
"2017-08-17",2430.01,15.55
"2017-08-18",2425.55,14.26
"2017-08-21",2428.37,13.19
"2017-08-22",2452.51,11.35
"2017-08-23",2444.04,12.25
"2017-08-24",2438.97,12.23
"2017-08-25",2443.05,11.28
"2017-08-28",2444.24,11.32
"2017-08-29",2446.3,11.7
"2017-08-30",2457.59,11.22
"2017-08-31",2471.65,10.59
"2017-09-01",2476.55,10.13
"2017-09-04",NA,NA
"2017-09-05",2457.85,12.23
"2017-09-06",2465.54,11.63
"2017-09-07",2465.1,11.55
"2017-09-08",2461.43,12.12
"2017-09-11",2488.11,10.73
"2017-09-12",2496.48,10.58
"2017-09-13",2498.37,10.5
"2017-09-14",2495.62,10.44
"2017-09-15",2500.23,10.17
"2017-09-18",2503.87,10.15
"2017-09-19",2506.65,10.18
"2017-09-20",2508.24,9.78
"2017-09-21",2500.6,9.67
"2017-09-22",2502.22,9.59
"2017-09-25",2496.66,10.21
"2017-09-26",2496.84,10.17
"2017-09-27",2507.04,9.87
"2017-09-28",2510.06,9.55
"2017-09-29",2519.36,9.51
"2017-10-02",2529.12,9.45
"2017-10-03",2534.58,9.51
"2017-10-04",2537.74,9.63
"2017-10-05",2552.07,9.19
"2017-10-06",2549.33,9.65
"2017-10-09",2544.73,10.33
"2017-10-10",2550.64,10.08
"2017-10-11",2555.24,9.85
"2017-10-12",2550.93,9.91
"2017-10-13",2553.17,9.61
"2017-10-16",2557.64,9.91
"2017-10-17",2559.36,10.31
"2017-10-18",2561.26,10.07
"2017-10-19",2562.1,10.05
"2017-10-20",2575.21,9.97
"2017-10-23",2564.98,11.07
"2017-10-24",2569.13,11.16
"2017-10-25",2557.15,11.23
"2017-10-26",2560.4,11.3
"2017-10-27",2581.07,9.8
"2017-10-30",2572.83,10.5
"2017-10-31",2575.26,10.18
"2017-11-01",2579.36,10.2
"2017-11-02",2579.85,9.93
"2017-11-03",2587.84,9.14
"2017-11-06",2591.13,9.4
"2017-11-07",2590.64,9.89
"2017-11-08",2594.38,9.78
"2017-11-09",2584.62,10.5
"2017-11-10",2582.3,11.29
"2017-11-13",2584.84,11.5
"2017-11-14",2578.87,11.59
"2017-11-15",2564.62,13.13
"2017-11-16",2585.64,11.76
"2017-11-17",2578.85,11.43
"2017-11-20",2582.14,10.65
"2017-11-21",2599.03,9.73
"2017-11-22",2597.08,9.88
"2017-11-23",NA,NA
"2017-11-24",2602.42,9.67
"2017-11-27",2601.42,9.87
"2017-11-28",2627.04,10.03
"2017-11-29",2626.07,10.7
"2017-11-30",2647.58,11.28
"2017-12-01",2642.22,11.43
"2017-12-04",2639.44,11.68
"2017-12-05",2629.57,11.33
"2017-12-06",2629.27,11.02
"2017-12-07",2636.98,10.16
"2017-12-08",2651.5,9.58
"2017-12-11",2659.99,9.34
"2017-12-12",2664.11,9.92
"2017-12-13",2662.85,10.18
"2017-12-14",2652.01,10.49
"2017-12-15",2675.81,9.42
"2017-12-18",2690.16,9.53
"2017-12-19",2681.47,10.03
"2017-12-20",2679.25,9.72
"2017-12-21",2684.57,9.62
"2017-12-22",2683.34,9.9
"2017-12-25",NA,NA
"2017-12-26",2680.5,10.25
"2017-12-27",2682.62,10.47
"2017-12-28",2687.54,10.18
"2017-12-29",2673.61,11.04
"2018-01-01",NA,NA
"2018-01-02",2695.81,9.77
"2018-01-03",2713.06,9.15
"2018-01-04",2723.99,9.22
"2018-01-05",2743.15,9.22
"2018-01-08",2747.71,9.52
"2018-01-09",2751.29,10.08
"2018-01-10",2748.23,9.82
"2018-01-11",2767.56,9.88
"2018-01-12",2786.24,10.16
"2018-01-15",NA,NA
"2018-01-16",2776.42,11.66
"2018-01-17",2802.56,11.91
"2018-01-18",2798.03,12.22
"2018-01-19",2810.3,11.27
"2018-01-22",2832.97,11.03
"2018-01-23",2839.13,11.1
"2018-01-24",2837.54,11.47
"2018-01-25",2839.25,11.58
"2018-01-26",2872.87,11.08
"2018-01-29",2853.53,13.84
"2018-01-30",2822.43,14.79
"2018-01-31",2823.81,13.54
"2018-02-01",2821.98,13.47
"2018-02-02",2762.13,17.31
"2018-02-05",2648.94,37.32
"2018-02-06",2695.14,29.98
"2018-02-07",2681.66,27.73
"2018-02-08",2581,33.46
"2018-02-09",2619.55,29.06
"2018-02-12",2656,25.61
"2018-02-13",2662.94,24.97
"2018-02-14",2698.63,19.26
"2018-02-15",2731.2,19.13
"2018-02-16",2732.22,19.46
"2018-02-19",NA,NA
"2018-02-20",2716.26,20.6
"2018-02-21",2701.33,20.02
"2018-02-22",2703.96,18.72
"2018-02-23",2747.3,16.49
"2018-02-26",2779.6,15.8
"2018-02-27",2744.28,18.59
"2018-02-28",2713.83,19.85
"2018-03-01",2677.67,22.47
"2018-03-02",2691.25,19.59
"2018-03-05",2720.94,18.73
"2018-03-06",2728.12,18.36
"2018-03-07",2726.8,17.76
"2018-03-08",2738.97,16.54
"2018-03-09",2786.57,14.64
"2018-03-12",2783.02,15.78
"2018-03-13",2765.31,16.35
"2018-03-14",2749.48,17.23
"2018-03-15",2747.33,16.59
"2018-03-16",2752.01,15.8
"2018-03-19",2712.92,19.02
"2018-03-20",2716.94,18.2
"2018-03-21",2711.93,17.86
"2018-03-22",2643.69,23.34
"2018-03-23",2588.26,24.87
"2018-03-26",2658.55,21.03
"2018-03-27",2612.62,22.5
"2018-03-28",2605,22.87
"2018-03-29",2640.87,19.97
"2018-03-30",NA,NA
"2018-04-02",2581.88,23.62
"2018-04-03",2614.45,21.1
"2018-04-04",2644.69,20.06
"2018-04-05",2662.84,18.94
"2018-04-06",2604.47,21.49
"2018-04-09",2613.16,21.77
"2018-04-10",2656.87,20.47
"2018-04-11",2642.19,20.24
"2018-04-12",2663.99,18.49
"2018-04-13",2656.3,17.41
"2018-04-16",2677.84,16.56
"2018-04-17",2706.39,15.25
"2018-04-18",2708.64,15.6
"2018-04-19",2693.13,15.96
"2018-04-20",2670.14,16.88
"2018-04-23",2670.29,16.34
"2018-04-24",2634.56,18.02
"2018-04-25",2639.4,17.84
"2018-04-26",2666.94,16.24
"2018-04-27",2669.91,15.41
"2018-04-30",2648.05,15.93
"2018-05-01",2654.8,15.49
"2018-05-02",2635.67,15.97
"2018-05-03",2629.73,15.9
"2018-05-04",2663.42,14.77
"2018-05-07",2672.63,14.75
"2018-05-08",2671.92,14.71
"2018-05-09",2697.79,13.42
"2018-05-10",2723.07,13.23
"2018-05-11",2727.72,12.65
"2018-05-14",2730.13,12.93
"2018-05-15",2711.45,14.63
"2018-05-16",2722.46,13.42
"2018-05-17",2720.13,13.43
"2018-05-18",2712.97,13.42
"2018-05-21",2733.01,13.08
"2018-05-22",2724.44,13.22
"2018-05-23",2733.29,12.58
"2018-05-24",2727.76,12.53
"2018-05-25",2721.33,13.22
"2018-05-28",NA,NA
"2018-05-29",2689.86,17.02
"2018-05-30",2724.01,14.94
"2018-05-31",2705.27,15.43
"2018-06-01",2734.62,13.46
"2018-06-04",2746.87,12.74
"2018-06-05",2748.8,12.4
"2018-06-06",2772.35,11.64
"2018-06-07",2770.37,12.13
"2018-06-08",2779.03,12.18
"2018-06-11",2782,12.35
"2018-06-12",2786.85,12.34
"2018-06-13",2775.63,12.94
"2018-06-14",2782.49,12.12
"2018-06-15",2779.66,11.98
"2018-06-18",2773.75,12.31
"2018-06-19",2762.59,13.35
"2018-06-20",2767.32,12.79
"2018-06-21",2749.76,14.64
"2018-06-22",2754.88,13.77
"2018-06-25",2717.07,17.33
"2018-06-26",2723.06,15.92
"2018-06-27",2699.63,17.91
"2018-06-28",2716.31,16.85
"2018-06-29",2718.37,16.09
"2018-07-02",2726.71,15.6
"2018-07-03",2713.22,16.14
"2018-07-04",NA,NA
"2018-07-05",2736.61,14.97
"2018-07-06",2759.82,13.37
"2018-07-09",2784.17,12.69
"2018-07-10",2793.84,12.64
"2018-07-11",2774.02,13.63
"2018-07-12",2798.29,12.58
"2018-07-13",2801.31,12.18
"2018-07-16",2798.43,12.83
"2018-07-17",2809.55,12.06
"2018-07-18",2815.62,12.1
"2018-07-19",2804.49,12.87
"2018-07-20",2801.83,12.86
"2018-07-23",2806.98,12.62
"2018-07-24",2820.4,12.41
"2018-07-25",2846.07,12.29
"2018-07-26",2837.44,12.14
"2018-07-27",2818.82,13.03
"2018-07-30",2802.6,14.26
"2018-07-31",2816.29,12.83
"2018-08-01",2813.36,13.15
"2018-08-02",2827.22,12.19
"2018-08-03",2840.35,11.64
"2018-08-06",2850.4,11.27
"2018-08-07",2858.45,10.93
"2018-08-08",2857.7,10.85
"2018-08-09",2853.58,11.27
"2018-08-10",2833.28,13.16
"2018-08-13",2821.93,14.78
"2018-08-14",2839.96,13.31
"2018-08-15",2818.37,14.64
"2018-08-16",2840.69,13.45
"2018-08-17",2850.13,12.64
"2018-08-20",2857.05,12.49
"2018-08-21",2862.96,12.86
"2018-08-22",2861.82,12.25
"2018-08-23",2856.98,12.41
"2018-08-24",2874.69,11.99
"2018-08-27",2896.74,12.16
"2018-08-28",2897.52,12.5
"2018-08-29",2914.04,12.25
"2018-08-30",2901.13,13.53
"2018-08-31",2901.52,12.86
"2018-09-03",NA,NA
"2018-09-04",2896.72,13.16
"2018-09-05",2888.6,13.91
"2018-09-06",2878.05,14.65
"2018-09-07",2871.68,14.88
"2018-09-10",2877.13,14.16
"2018-09-11",2887.89,13.22
"2018-09-12",2888.92,13.14
"2018-09-13",2904.18,12.37
"2018-09-14",2904.98,12.07
"2018-09-17",2888.8,13.68
"2018-09-18",2904.31,12.79
"2018-09-19",2907.95,11.75
"2018-09-20",2930.75,11.8
"2018-09-21",2929.67,11.68
"2018-09-24",2919.37,12.2
"2018-09-25",2915.56,12.42
"2018-09-26",2905.97,12.89
"2018-09-27",2914,12.41
"2018-09-28",2913.98,12.12
"2018-10-01",2924.59,12
"2018-10-02",2923.43,12.05
"2018-10-03",2925.51,11.61
"2018-10-04",2901.61,14.22
"2018-10-05",2885.57,14.82
"2018-10-08",2884.43,15.69
"2018-10-09",2880.34,15.95
"2018-10-10",2785.68,22.96
"2018-10-11",2728.37,24.98
"2018-10-12",2767.13,21.31
"2018-10-15",2750.79,21.3
"2018-10-16",2809.92,17.62
"2018-10-17",2809.21,17.4
"2018-10-18",2768.78,20.06
"2018-10-19",2767.78,19.89
"2018-10-22",2755.88,19.64
"2018-10-23",2740.69,20.71
"2018-10-24",2656.1,25.23
"2018-10-25",2705.57,24.22
"2018-10-26",2658.69,24.16
"2018-10-29",2641.25,24.7
"2018-10-30",2682.63,23.35
"2018-10-31",2711.74,21.23
"2018-11-01",2740.37,19.34
"2018-11-02",2723.06,19.51
"2018-11-05",2738.31,19.96
"2018-11-06",2755.45,19.91
"2018-11-07",2813.89,16.36
"2018-11-08",2806.83,16.72
"2018-11-09",2781.01,17.36
"2018-11-12",2726.22,20.45
"2018-11-13",2722.18,20.02
"2018-11-14",2701.58,21.25
"2018-11-15",2730.2,19.98
"2018-11-16",2736.27,18.14
"2018-11-19",2690.73,20.1
"2018-11-20",2641.89,22.48
"2018-11-21",2649.93,20.8
"2018-11-22",NA,NA
"2018-11-23",2632.56,21.52
"2018-11-26",2673.45,18.9
"2018-11-27",2682.17,19.02
"2018-11-28",2743.79,18.49
"2018-11-29",2737.76,18.79
"2018-11-30",2760.17,18.07
"2018-12-03",2790.37,16.44
"2018-12-04",2700.06,20.74
"2018-12-05",NA,NA
"2018-12-06",2695.95,21.19
"2018-12-07",2633.08,23.23
"2018-12-10",2637.72,22.64
"2018-12-11",2636.78,21.76
"2018-12-12",2651.07,21.46
"2018-12-13",2650.54,20.65
"2018-12-14",2599.95,21.63
"2018-12-17",2545.94,24.52
"2018-12-18",2546.16,25.58
"2018-12-19",2506.96,25.58
"2018-12-20",2467.42,28.38
"2018-12-21",2416.62,30.11
"2018-12-24",2351.1,36.07
"2018-12-25",NA,NA
"2018-12-26",2467.7,30.41
"2018-12-27",2488.83,29.96
"2018-12-28",2485.74,28.34
"2018-12-31",2506.85,25.42
"2019-01-01",NA,NA
"2019-01-02",2510.03,23.22
"2019-01-03",2447.89,25.45
"2019-01-04",2531.94,21.38
"2019-01-07",2549.69,21.4
"2019-01-08",2574.41,20.47
"2019-01-09",2584.96,19.98
"2019-01-10",2596.64,19.5
"2019-01-11",2596.26,18.19
"2019-01-14",2582.61,19.07
"2019-01-15",2610.3,18.6
"2019-01-16",2616.1,19.04
"2019-01-17",2635.96,18.06
"2019-01-18",2670.71,17.8
"2019-01-21",NA,NA
"2019-01-22",2632.9,20.8
"2019-01-23",2638.7,19.52
"2019-01-24",2642.33,18.89
"2019-01-25",2664.76,17.42
"2019-01-28",2643.85,18.87
"2019-01-29",2640,19.13
"2019-01-30",2681.05,17.66
"2019-01-31",2704.1,16.57
"2019-02-01",2706.53,16.14
"2019-02-04",2724.87,15.73
"2019-02-05",2737.7,15.57
"2019-02-06",2731.61,15.38
"2019-02-07",2706.05,16.37
"2019-02-08",2707.88,15.72
"2019-02-11",2709.8,15.97
"2019-02-12",2744.73,15.43
"2019-02-13",2753.03,15.65
"2019-02-14",2745.73,16.22
"2019-02-15",2775.6,14.91
"2019-02-18",NA,NA
"2019-02-19",2779.76,14.88
"2019-02-20",2784.7,14.02
"2019-02-21",2774.88,14.46
"2019-02-22",2792.67,13.51
"2019-02-25",2796.11,14.85
"2019-02-26",2793.9,15.17
"2019-02-27",2792.38,14.7
"2019-02-28",2784.49,14.78
"2019-03-01",2803.69,13.57
"2019-03-04",2792.81,14.63
"2019-03-05",2789.65,14.74
"2019-03-06",2771.45,15.74
"2019-03-07",2748.93,16.59
"2019-03-08",2743.07,16.05
"2019-03-11",2783.3,14.33
"2019-03-12",2791.52,13.77
"2019-03-13",2810.92,13.41
"2019-03-14",2808.48,13.5
"2019-03-15",2822.48,12.88
"2019-03-18",2832.94,13.1
"2019-03-19",2832.57,13.56
"2019-03-20",2824.23,13.91
"2019-03-21",2854.88,13.63
"2019-03-22",2800.71,16.48
"2019-03-25",2798.36,16.33
"2019-03-26",2818.46,14.68
"2019-03-27",2805.37,15.15
"2019-03-28",2815.44,14.43
"2019-03-29",2834.4,13.71
"2019-04-01",2867.19,13.4
"2019-04-02",2867.24,13.36
"2019-04-03",2873.4,13.74
"2019-04-04",2879.39,13.58
"2019-04-05",2892.74,12.82
"2019-04-08",2895.77,13.18
"2019-04-09",2878.2,14.28
"2019-04-10",2888.21,13.3
"2019-04-11",2888.32,13.02
"2019-04-12",2907.41,12.01
"2019-04-15",2905.58,12.32
"2019-04-16",2907.06,12.18
"2019-04-17",2900.45,12.6
"2019-04-18",2905.03,12.09
"2019-04-19",NA,NA
"2019-04-22",2907.97,12.42
"2019-04-23",2933.68,12.28
"2019-04-24",2927.25,13.14
"2019-04-25",2926.17,13.25
"2019-04-26",2939.88,12.73
"2019-04-29",2943.03,13.11
"2019-04-30",2945.83,13.12
"2019-05-01",2923.73,14.8
"2019-05-02",2917.52,14.42
"2019-05-03",2945.64,12.87
"2019-05-06",2932.47,15.44
"2019-05-07",2884.05,19.32
"2019-05-08",2879.42,19.4
"2019-05-09",2870.72,19.1
"2019-05-10",2881.4,16.04
"2019-05-13",2811.87,20.55
"2019-05-14",2834.41,18.06
"2019-05-15",2850.96,16.44
"2019-05-16",2876.32,15.29
"2019-05-17",2859.53,15.96
"2019-05-20",2840.23,16.31
"2019-05-21",2864.36,14.95
"2019-05-22",2856.27,14.75
"2019-05-23",2822.24,16.92
"2019-05-24",2826.06,15.85
"2019-05-27",NA,NA
"2019-05-28",2802.39,17.5
"2019-05-29",2783.02,17.9
"2019-05-30",2788.86,17.3
"2019-05-31",2752.06,18.71
"2019-06-03",2744.45,18.86
"2019-06-04",2803.27,16.97
"2019-06-05",2826.15,16.09
"2019-06-06",2843.49,15.93
"2019-06-07",2873.34,16.3
"2019-06-10",2886.73,15.94
"2019-06-11",2885.72,15.99
"2019-06-12",2879.84,15.91
"2019-06-13",2891.64,15.82
"2019-06-14",2886.98,15.28
"2019-06-17",2889.67,15.35
"2019-06-18",2917.75,15.15
"2019-06-19",2926.46,14.33
"2019-06-20",2954.18,14.75
"2019-06-21",2950.46,15.4
"2019-06-24",2945.35,15.26
"2019-06-25",2917.38,16.28
"2019-06-26",2913.78,16.21
"2019-06-27",2924.92,15.82
"2019-06-28",2941.76,15.08
"2019-07-01",2964.33,14.06
"2019-07-02",2973.01,12.93
"2019-07-03",2995.82,12.57
"2019-07-04",NA,NA
"2019-07-05",2990.41,13.28
"2019-07-08",2975.95,13.96
"2019-07-09",2979.63,14.09
"2019-07-10",2993.07,13.03
"2019-07-11",2999.91,12.93
"2019-07-12",3013.77,12.39
"2019-07-15",3014.3,12.68
"2019-07-16",3004.04,12.86
"2019-07-17",2984.42,13.97
"2019-07-18",2995.11,13.53
"2019-07-19",2976.61,14.45
"2019-07-22",2985.03,13.53
"2019-07-23",3005.47,12.61
"2019-07-24",3019.56,12.07
"2019-07-25",3003.67,12.74
"2019-07-26",3025.86,12.16
"2019-07-29",3020.97,12.83
"2019-07-30",3013.18,13.94
"2019-07-31",2980.38,16.12
"2019-08-01",2953.56,17.87
"2019-08-02",2932.05,17.61
"2019-08-05",2844.74,24.59
"2019-08-06",2881.77,20.17
"2019-08-07",2883.98,19.49
"2019-08-08",2938.09,16.91
"2019-08-09",2918.65,17.97
"2019-08-12",2883.75,21.09
"2019-08-13",2926.32,17.52
"2019-08-14",2840.6,22.1
"2019-08-15",2847.6,21.18
"2019-08-16",2888.68,18.47
"2019-08-19",2923.65,16.88
"2019-08-20",2900.51,17.5
"2019-08-21",2924.43,15.8
"2019-08-22",2922.95,16.68
"2019-08-23",2847.11,19.87
"2019-08-26",2878.38,19.32
"2019-08-27",2869.16,20.31
"2019-08-28",2887.94,19.35
"2019-08-29",2924.58,17.88
"2019-08-30",2926.46,18.98
"2019-09-02",NA,NA
"2019-09-03",2906.27,19.66
"2019-09-04",2937.78,17.33
"2019-09-05",2976,16.27
"2019-09-06",2978.71,15
"2019-09-09",2978.43,15.27
"2019-09-10",2979.39,15.2
"2019-09-11",3000.93,14.61
"2019-09-12",3009.57,14.22
"2019-09-13",3007.39,13.74
"2019-09-16",2997.96,14.67
"2019-09-17",3005.7,14.44
"2019-09-18",3006.73,13.95
"2019-09-19",3006.79,14.05
"2019-09-20",2992.07,15.32
"2019-09-23",2991.78,14.91
"2019-09-24",2966.6,17.05
"2019-09-25",2984.87,15.96
"2019-09-26",2977.62,16.07
"2019-09-27",2961.79,17.22
"2019-09-30",2976.74,16.24
"2019-10-01",2940.25,18.56
"2019-10-02",2887.61,20.56
"2019-10-03",2910.63,19.12
"2019-10-04",2952.01,17.04
"2019-10-07",2938.79,17.86
"2019-10-08",2893.06,20.28
"2019-10-09",2919.4,18.64
"2019-10-10",2938.13,17.57
"2019-10-11",2970.27,15.58
"2019-10-14",2966.15,14.57
"2019-10-15",2995.68,13.54
"2019-10-16",2989.69,13.68
"2019-10-17",2997.95,13.79
"2019-10-18",2986.2,14.25
"2019-10-21",3006.72,14
"2019-10-22",2995.99,14.46
"2019-10-23",3004.52,14.01
"2019-10-24",3010.29,13.71
"2019-10-25",3022.55,12.65
"2019-10-28",3039.42,13.11
"2019-10-29",3036.89,13.2
"2019-10-30",3046.77,12.33
"2019-10-31",3037.56,13.22
"2019-11-01",3066.91,12.3
"2019-11-04",3078.27,12.83
"2019-11-05",3074.62,13.1
"2019-11-06",3076.78,12.62
"2019-11-07",3085.18,12.73
"2019-11-08",3093.08,12.07
"2019-11-11",3087.01,12.69
"2019-11-12",3091.84,12.68
"2019-11-13",3094.04,13
"2019-11-14",3096.63,13.05
"2019-11-15",3120.46,12.05
"2019-11-18",3122.03,12.46
"2019-11-19",3120.18,12.86
"2019-11-20",3108.46,12.78
"2019-11-21",3103.54,13.13
"2019-11-22",3110.29,12.34
"2019-11-25",3133.64,11.87
"2019-11-26",3140.52,11.54
"2019-11-27",3153.63,11.75
"2019-11-28",NA,NA
"2019-11-29",3140.98,12.62
"2019-12-02",3113.87,14.91
"2019-12-03",3093.2,15.96
"2019-12-04",3112.76,14.8
"2019-12-05",3117.43,14.52
"2019-12-06",3145.91,13.62
"2019-12-09",3135.96,15.86
"2019-12-10",3132.52,15.68
"2019-12-11",3141.63,14.99
"2019-12-12",3168.57,13.94
"2019-12-13",3168.8,12.63
"2019-12-16",3191.45,12.14
"2019-12-17",3192.52,12.29
"2019-12-18",3191.14,12.58
"2019-12-19",3205.37,12.5
"2019-12-20",3221.22,12.51
"2019-12-23",3224.01,12.61
"2019-12-24",3223.38,12.67
"2019-12-25",NA,NA
"2019-12-26",3239.91,12.65
"2019-12-27",3240.02,13.43
"2019-12-30",3221.29,14.82
"2019-12-31",3230.78,13.78
"2020-01-01",NA,NA
"2020-01-02",3257.85,12.47
"2020-01-03",3234.85,14.02
"2020-01-06",3246.28,13.85
"2020-01-07",3237.18,13.79
"2020-01-08",3253.05,13.45
"2020-01-09",3274.7,12.54
"2020-01-10",3265.35,12.56
"2020-01-13",3288.13,12.32
"2020-01-14",3283.15,12.39
"2020-01-15",3289.29,12.42
"2020-01-16",3316.81,12.32
"2020-01-17",3329.62,12.1
"2020-01-20",NA,NA
"2020-01-21",3320.79,12.85
"2020-01-22",3321.75,12.91
"2020-01-23",3325.54,12.98
"2020-01-24",3295.47,14.56
"2020-01-27",3243.63,18.23
"2020-01-28",3276.24,16.28
"2020-01-29",3273.4,16.39
"2020-01-30",3283.66,15.49
"2020-01-31",3225.52,18.84
"2020-02-03",3248.92,17.97
"2020-02-04",3297.59,16.05
"2020-02-05",3334.69,15.15
"2020-02-06",3345.78,14.96
"2020-02-07",3327.71,15.47
"2020-02-10",3352.09,15.04
"2020-02-11",3357.75,15.18
"2020-02-12",3379.45,13.74
"2020-02-13",3373.94,14.15
"2020-02-14",3380.16,13.68
"2020-02-17",NA,NA
"2020-02-18",3370.29,14.83
"2020-02-19",3386.15,14.38
"2020-02-20",3373.23,15.56
"2020-02-21",3337.75,17.08
"2020-02-24",3225.89,25.03
"2020-02-25",3128.21,27.85
"2020-02-26",3116.39,27.56
"2020-02-27",2978.76,39.16
"2020-02-28",2954.22,40.11
"2020-03-02",3090.23,33.42
"2020-03-03",3003.37,36.82
"2020-03-04",3130.12,31.99
"2020-03-05",3023.94,39.62
"2020-03-06",2972.37,41.94
"2020-03-09",2746.56,54.46
"2020-03-10",2882.23,47.3
"2020-03-11",2741.38,53.9
"2020-03-12",2480.64,75.47
"2020-03-13",2711.02,57.83
"2020-03-16",2386.13,82.69
"2020-03-17",2529.19,75.91
"2020-03-18",2398.1,76.45
"2020-03-19",2409.39,72
"2020-03-20",2304.92,66.04
"2020-03-23",2237.4,61.59
"2020-03-24",2447.33,61.67
"2020-03-25",2475.56,63.95
"2020-03-26",2630.07,61
"2020-03-27",2541.47,65.54
"2020-03-30",2626.65,57.08
"2020-03-31",2584.59,53.54
"2020-04-01",2470.5,57.06
"2020-04-02",2526.9,50.91
"2020-04-03",2488.65,46.8
"2020-04-06",2663.68,45.24
"2020-04-07",2659.41,46.7
"2020-04-08",2749.98,43.35
"2020-04-09",2789.82,41.67
"2020-04-10",NA,NA
"2020-04-13",2761.63,41.17
"2020-04-14",2846.06,37.76
"2020-04-15",2783.36,40.84
"2020-04-16",2799.55,40.11
"2020-04-17",2874.56,38.15
"2020-04-20",2823.16,43.83
"2020-04-21",2736.56,45.41
"2020-04-22",2799.31,41.98
"2020-04-23",2797.8,41.38
"2020-04-24",2836.74,35.93
"2020-04-27",2878.48,33.29
"2020-04-28",2863.39,33.57
"2020-04-29",2939.51,31.23
"2020-04-30",2912.43,34.15
"2020-05-01",2830.71,37.19
"2020-05-04",2842.74,35.97
"2020-05-05",2868.44,33.61
"2020-05-06",2848.42,34.12
"2020-05-07",2881.19,31.44
"2020-05-08",2929.8,27.98
"2020-05-11",2930.32,27.57
"2020-05-12",2870.12,33.04
"2020-05-13",2820,35.28
"2020-05-14",2852.5,32.61
"2020-05-15",2863.7,31.89
"2020-05-18",2953.91,29.3
"2020-05-19",2922.94,30.53
"2020-05-20",2971.61,27.99
"2020-05-21",2948.51,29.53
"2020-05-22",2955.45,28.16
"2020-05-25",NA,NA
"2020-05-26",2991.77,28.01
"2020-05-27",3036.13,27.62
"2020-05-28",3029.73,28.59
"2020-05-29",3044.31,27.51
"2020-06-01",3055.73,28.23
"2020-06-02",3080.82,26.84
"2020-06-03",3122.87,25.66
"2020-06-04",3112.35,25.81
"2020-06-05",3193.93,24.52
"2020-06-08",3232.39,25.81
"2020-06-09",3207.18,27.57
"2020-06-10",3190.14,27.57
"2020-06-11",3002.1,40.79
"2020-06-12",3041.31,36.09
"2020-06-15",3066.59,34.4
"2020-06-16",3124.74,33.67
"2020-06-17",3113.49,33.47
"2020-06-18",3115.34,32.94
"2020-06-19",3097.74,35.12
"2020-06-22",3117.86,31.77
"2020-06-23",3131.29,31.37
"2020-06-24",3050.33,33.84
"2020-06-25",3083.76,32.22
"2020-06-26",3009.05,34.73
"2020-06-29",3053.24,31.78
"2020-06-30",3100.29,30.43
"2020-07-01",3115.86,28.62
"2020-07-02",3130.01,27.68
"2020-07-03",NA,NA
"2020-07-06",3179.72,27.94
"2020-07-07",3145.32,29.43
"2020-07-08",3169.94,28.08
"2020-07-09",3152.05,29.26
"2020-07-10",3185.04,27.29
"2020-07-13",3155.22,32.19
"2020-07-14",3197.52,29.52
"2020-07-15",3226.56,27.76
"2020-07-16",3215.57,28
"2020-07-17",3224.73,25.68
"2020-07-20",3251.84,24.46
"2020-07-21",3257.3,24.84
"2020-07-22",3276.02,24.32
"2020-07-23",3235.66,26.08
"2020-07-24",3215.63,25.84
"2020-07-27",3239.41,24.74
"2020-07-28",3218.44,25.44
"2020-07-29",3258.44,24.1
"2020-07-30",3246.22,24.76
"2020-07-31",3271.12,24.46
"2020-08-03",3294.61,24.28
"2020-08-04",3306.51,23.76
"2020-08-05",3327.77,22.99
"2020-08-06",3349.16,22.65
"2020-08-07",3351.28,22.21
"2020-08-10",3360.47,22.13
"2020-08-11",3333.69,24.03
"2020-08-12",3380.35,22.28
"2020-08-13",3373.43,22.13
"2020-08-14",3372.85,22.05
"2020-08-17",3381.99,21.35
"2020-08-18",3389.78,21.51
"2020-08-19",3374.85,22.54
"2020-08-20",3385.51,22.72
"2020-08-21",3397.16,22.54
"2020-08-24",3431.28,22.37
"2020-08-25",3443.62,22.03
"2020-08-26",3478.73,23.27
"2020-08-27",3484.55,24.47
"2020-08-28",3508.01,22.96
"2020-08-31",3500.31,26.41
"2020-09-01",3526.65,26.12
"2020-09-02",3580.84,26.57
"2020-09-03",3455.06,33.6
"2020-09-04",3426.96,30.75
"2020-09-07",NA,NA
"2020-09-08",3331.84,31.46
"2020-09-09",3398.96,28.81
"2020-09-10",3339.19,29.71
"2020-09-11",3340.97,26.87
"2020-09-14",3383.54,25.85
"2020-09-15",3401.2,25.59
"2020-09-16",3385.49,26.04
"2020-09-17",3357.01,26.46
"2020-09-18",3319.47,25.83
"2020-09-21",3281.06,27.78
"2020-09-22",3315.57,26.86
"2020-09-23",3236.92,28.58
"2020-09-24",3246.59,28.51
"2020-09-25",3298.46,26.38
"2020-09-28",3351.6,26.19
"2020-09-29",3335.47,26.27
"2020-09-30",3363,26.37
"2020-10-01",3380.8,26.7
"2020-10-02",3348.44,27.63
"2020-10-05",3408.63,27.96
"2020-10-06",3360.95,29.48
"2020-10-07",3419.45,28.06
"2020-10-08",3446.83,26.36
"2020-10-09",3477.13,25
"2020-10-12",3534.22,25.07
"2020-10-13",3511.93,26.07
"2020-10-14",3488.67,26.4
"2020-10-15",3483.34,26.97
"2020-10-16",3483.81,27.41
"2020-10-19",3426.92,29.18
"2020-10-20",3443.12,29.35
"2020-10-21",3435.56,28.65
"2020-10-22",3453.49,28.11
"2020-10-23",3465.39,27.55
"2020-10-26",3400.97,32.46
"2020-10-27",3390.68,33.35
"2020-10-28",3271.03,40.28
"2020-10-29",3310.11,37.59
"2020-10-30",3269.96,38.02
"2020-11-02",3310.24,37.13
"2020-11-03",3369.16,35.55
"2020-11-04",3443.44,29.57
"2020-11-05",3510.45,27.58
"2020-11-06",3509.44,24.86
"2020-11-09",3550.5,25.75
"2020-11-10",3545.53,24.8
"2020-11-11",3572.66,23.45
"2020-11-12",3537.01,25.35
"2020-11-13",3585.15,23.1
"2020-11-16",3626.91,22.45
"2020-11-17",3609.53,22.71
"2020-11-18",3567.79,23.84
"2020-11-19",3581.87,23.11
"2020-11-20",3557.54,23.7
"2020-11-23",3577.59,22.66
"2020-11-24",3635.41,21.64
"2020-11-25",3629.65,21.25
"2020-11-26",NA,NA
"2020-11-27",3638.35,20.84
"2020-11-30",3621.63,20.57
"2020-12-01",3662.45,20.77
"2020-12-02",3669.01,21.17
"2020-12-03",3666.72,21.28
"2020-12-04",3699.12,20.79
"2020-12-07",3691.96,21.3
"2020-12-08",3702.25,20.68
"2020-12-09",3672.82,22.27
"2020-12-10",3668.1,22.52
"2020-12-11",3663.46,23.31
"2020-12-14",3647.49,24.72
"2020-12-15",3694.62,22.89
"2020-12-16",3701.17,22.5
"2020-12-17",3722.48,21.93
"2020-12-18",3709.41,21.57
"2020-12-21",3694.92,25.16
"2020-12-22",3687.26,24.23
"2020-12-23",3690.01,23.31
"2020-12-24",3703.06,21.53
"2020-12-25",NA,NA
"2020-12-28",3735.36,21.7
"2020-12-29",3727.04,23.08
"2020-12-30",3732.04,22.77
"2020-12-31",3756.07,22.75
"2021-01-01",NA,NA
"2021-01-04",3700.65,26.97
"2021-01-05",3726.86,25.34
"2021-01-06",3748.14,25.07
"2021-01-07",3803.79,22.37
"2021-01-08",3824.68,21.56
"2021-01-11",3799.61,24.08
"2021-01-12",3801.19,23.33
"2021-01-13",3809.84,22.21
"2021-01-14",3795.54,23.25
"2021-01-15",3768.25,24.34
"2021-01-18",NA,NA
"2021-01-19",3798.91,23.24
"2021-01-20",3851.85,21.58
"2021-01-21",3853.07,21.32
"2021-01-22",3841.47,21.91
"2021-01-25",3855.36,23.19
"2021-01-26",3849.62,23.02
"2021-01-27",3750.77,37.21
"2021-01-28",3787.38,30.21
"2021-01-29",3714.24,33.09
"2021-02-01",3773.86,30.24
"2021-02-02",3826.31,25.56
"2021-02-03",3830.17,22.91
"2021-02-04",3871.74,21.77
"2021-02-05",3886.83,20.87
"2021-02-08",3915.59,21.24
"2021-02-09",3911.23,21.63
"2021-02-10",3909.88,21.99
"2021-02-11",3916.38,21.25
"2021-02-12",3934.83,19.97
"2021-02-15",NA,NA
"2021-02-16",3932.59,21.46
"2021-02-17",3931.33,21.5
"2021-02-18",3913.97,22.49
"2021-02-19",3906.71,22.05
"2021-02-22",3876.5,23.45
"2021-02-23",3881.37,23.11
"2021-02-24",3925.43,21.34
"2021-02-25",3829.34,28.89
"2021-02-26",3811.15,27.95
"2021-03-01",3901.82,23.35
"2021-03-02",3870.29,24.1
"2021-03-03",3819.72,26.67
"2021-03-04",3768.47,28.57
"2021-03-05",3841.94,24.66
"2021-03-08",3821.35,25.47
"2021-03-09",3875.44,24.03
"2021-03-10",3898.81,22.56
"2021-03-11",3939.34,21.91
"2021-03-12",3943.34,20.69
"2021-03-15",3968.94,20.03
"2021-03-16",3962.71,19.79
"2021-03-17",3974.12,19.23
"2021-03-18",3915.46,21.58
"2021-03-19",3913.1,20.95
"2021-03-22",3940.59,18.88
"2021-03-23",3910.52,20.3
"2021-03-24",3889.14,21.2
"2021-03-25",3909.52,19.81
"2021-03-26",3974.54,18.86
"2021-03-29",3971.09,20.74
"2021-03-30",3958.55,19.61
"2021-03-31",3972.89,19.4
"2021-04-01",4019.87,17.33
"2021-04-02",NA,NA
"2021-04-05",4077.91,17.91
"2021-04-06",4073.94,18.12
"2021-04-07",4079.95,17.16
"2021-04-08",4097.17,16.95
"2021-04-09",4128.8,16.69
"2021-04-12",4127.99,16.91
"2021-04-13",4141.59,16.65
"2021-04-14",4124.66,16.99
"2021-04-15",4170.42,16.57
"2021-04-16",4185.47,16.25
"2021-04-19",4163.26,17.29
"2021-04-20",4134.94,18.68
"2021-04-21",4173.42,17.5
"2021-04-22",4134.98,18.71
"2021-04-23",4180.17,17.33
"2021-04-26",4187.62,17.64
"2021-04-27",4186.72,17.56
"2021-04-28",4183.18,17.28
"2021-04-29",4211.47,17.61
"2021-04-30",4181.17,18.61
"2021-05-03",4192.66,18.31
"2021-05-04",4164.66,19.48
"2021-05-05",4167.59,19.15
"2021-05-06",4201.62,18.39
"2021-05-07",4232.6,16.69
"2021-05-10",4188.43,19.66
"2021-05-11",4152.1,21.84
"2021-05-12",4063.04,27.59
"2021-05-13",4112.5,23.13
"2021-05-14",4173.85,18.81
"2021-05-17",4163.29,19.72
"2021-05-18",4127.83,21.34
"2021-05-19",4115.68,22.18
"2021-05-20",4159.12,20.67
"2021-05-21",4155.86,20.15
"2021-05-24",4197.05,18.4
"2021-05-25",4188.13,18.84
"2021-05-26",4195.99,17.36
"2021-05-27",4200.88,16.74
"2021-05-28",4204.11,16.76
"2021-05-31",NA,NA
"2021-06-01",4202.04,17.9
"2021-06-02",4208.12,17.48
"2021-06-03",4192.85,18.04
"2021-06-04",4229.89,16.42
"2021-06-07",4226.52,16.42
"2021-06-08",4227.26,17.07
"2021-06-09",4219.55,17.89
"2021-06-10",4239.18,16.1
"2021-06-11",4247.44,15.65
"2021-06-14",4255.15,16.39
"2021-06-15",4246.59,17.02
"2021-06-16",4223.7,18.15
"2021-06-17",4221.86,17.75
"2021-06-18",4166.45,20.7
"2021-06-21",4224.79,17.89
"2021-06-22",4246.44,16.66
"2021-06-23",4241.84,16.32
"2021-06-24",4266.49,15.97
"2021-06-25",4280.7,15.62
"2021-06-28",4290.61,15.76
"2021-06-29",4291.8,16.02
"2021-06-30",4297.5,15.83
"2021-07-01",4319.94,15.48
"2021-07-02",4352.34,15.07
"2021-07-05",NA,NA
"2021-07-06",4343.54,16.44
"2021-07-07",4358.13,16.2
"2021-07-08",4320.82,19
"2021-07-09",4369.55,16.18
"2021-07-12",4384.63,16.17
"2021-07-13",4369.21,17.12
"2021-07-14",4374.3,16.33
"2021-07-15",4360.03,17.01
"2021-07-16",4327.16,18.45
"2021-07-19",4258.49,22.5
"2021-07-20",4323.06,19.73
"2021-07-21",4358.69,17.91
"2021-07-22",4367.48,17.69
"2021-07-23",4411.79,17.2
"2021-07-26",4422.3,17.58
"2021-07-27",4401.46,19.36
"2021-07-28",4400.64,18.31
"2021-07-29",4419.15,17.7
"2021-07-30",4395.26,18.24
"2021-08-02",4387.16,19.46
"2021-08-03",4423.15,18.04
"2021-08-04",4402.66,17.97
"2021-08-05",4429.1,17.28
"2021-08-06",4436.52,16.15
"2021-08-09",4432.35,16.72
"2021-08-10",4436.75,16.79
"2021-08-11",4447.7,16.06
"2021-08-12",4460.83,15.59
"2021-08-13",4468,15.45
"2021-08-16",4479.71,16.12
"2021-08-17",4448.08,17.91
"2021-08-18",4400.27,21.57
"2021-08-19",4405.8,21.67
"2021-08-20",4441.67,18.56
"2021-08-23",4479.53,17.15
"2021-08-24",4486.23,17.22
"2021-08-25",4496.19,16.79
"2021-08-26",4470,18.84
"2021-08-27",4509.37,16.39
"2021-08-30",4528.79,16.19
"2021-08-31",4522.68,16.48
"2021-09-01",4524.09,16.11
"2021-09-02",4536.95,16.41
"2021-09-03",4535.43,16.41
"2021-09-06",NA,NA
"2021-09-07",4520.03,18.14
"2021-09-08",4514.07,17.96
"2021-09-09",4493.28,18.8
"2021-09-10",4458.58,20.95
"2021-09-13",4468.73,19.37
"2021-09-14",4443.05,19.46
"2021-09-15",4480.7,18.18
"2021-09-16",4473.75,18.69
"2021-09-17",4432.99,20.81
"2021-09-20",4357.73,25.71
"2021-09-21",4354.19,24.36
"2021-09-22",4395.64,20.87
"2021-09-23",4448.98,18.63
"2021-09-24",4455.48,17.75
"2021-09-27",4443.11,18.76
"2021-09-28",4352.63,23.25
"2021-09-29",4359.46,22.56
"2021-09-30",4307.54,23.14
"2021-10-01",4357.04,21.15
"2021-10-04",4300.46,22.96
"2021-10-05",4345.72,21.3
"2021-10-06",4363.55,21
"2021-10-07",4399.76,19.54
"2021-10-08",4391.34,18.77
"2021-10-11",4361.19,20
"2021-10-12",4350.65,19.85
"2021-10-13",4363.8,18.64
"2021-10-14",4438.26,16.86
"2021-10-15",4471.37,16.3
"2021-10-18",4486.46,16.31
"2021-10-19",4519.63,15.7
"2021-10-20",4536.19,15.49
"2021-10-21",4549.78,15.01
"2021-10-22",4544.9,15.43
"2021-10-25",4566.48,15.24
"2021-10-26",4574.79,15.98
"2021-10-27",4551.68,16.98
"2021-10-28",4596.42,16.53
"2021-10-29",4605.38,16.26
"2021-11-01",4613.67,16.41
"2021-11-02",4630.65,16.03
"2021-11-03",4660.57,15.1
"2021-11-04",4680.06,15.44
"2021-11-05",4697.53,16.48
"2021-11-08",4701.7,17.22
"2021-11-09",4685.25,17.78
"2021-11-10",4646.71,18.73
"2021-11-11",4649.27,17.66
"2021-11-12",4682.85,16.29
"2021-11-15",4682.8,16.49
"2021-11-16",4700.9,16.37
"2021-11-17",4688.67,17.11
"2021-11-18",4704.54,17.59
"2021-11-19",4697.96,17.91
"2021-11-22",4682.94,19.17
"2021-11-23",4690.7,19.38
"2021-11-24",4701.46,18.58
"2021-11-25",NA,NA
"2021-11-26",4594.62,28.62
"2021-11-29",4655.27,22.96
"2021-11-30",4567,27.19
"2021-12-01",4513.04,31.12
"2021-12-02",4577.1,27.95
"2021-12-03",4538.43,30.67
"2021-12-06",4591.67,27.18
"2021-12-07",4686.75,21.89
"2021-12-08",4701.21,19.9
"2021-12-09",4667.45,21.58
"2021-12-10",4712.02,18.69
"2021-12-13",4668.97,20.31
"2021-12-14",4634.09,21.89
"2021-12-15",4709.85,19.29
"2021-12-16",4668.67,20.57
"2021-12-17",4620.64,21.57
"2021-12-20",4568.02,22.87
"2021-12-21",4649.23,21.01
"2021-12-22",4696.56,18.63
"2021-12-23",4725.79,17.96
"2021-12-24",NA,NA
"2021-12-27",4791.19,17.68
"2021-12-28",4786.35,17.54
"2021-12-29",4793.06,16.95
"2021-12-30",4778.73,17.33
"2021-12-31",4766.18,17.22
"2022-01-03",4796.56,16.6
"2022-01-04",4793.54,16.91
"2022-01-05",4700.58,19.73
"2022-01-06",4696.05,19.61
"2022-01-07",4677.03,18.76
"2022-01-10",4670.29,19.4
"2022-01-11",4713.07,18.41
"2022-01-12",4726.35,17.62
"2022-01-13",4659.03,20.31
"2022-01-14",4662.85,19.19
"2022-01-17",NA,NA
"2022-01-18",4577.11,22.79
"2022-01-19",4532.76,23.85
"2022-01-20",4482.73,25.59
"2022-01-21",4397.94,28.85
"2022-01-24",4410.13,29.9
"2022-01-25",4356.45,31.16
"2022-01-26",4349.93,31.96
"2022-01-27",4326.51,30.49
"2022-01-28",4431.85,27.66
"2022-01-31",4515.55,24.83
"2022-02-01",4546.54,21.96
"2022-02-02",4589.38,22.09
"2022-02-03",4477.44,24.35
"2022-02-04",4500.53,23.22
"2022-02-07",4483.87,22.86
"2022-02-08",4521.54,21.44
"2022-02-09",4587.18,19.96
"2022-02-10",4504.08,23.91
"2022-02-11",4418.64,27.36
"2022-02-14",4401.67,28.33
"2022-02-15",4471.07,25.7
"2022-02-16",4475.01,24.29
"2022-02-17",4380.26,28.11
"2022-02-18",4348.87,27.75
"2022-02-21",NA,NA
"2022-02-22",4304.76,28.81
"2022-02-23",4225.5,31.02
"2022-02-24",4288.7,30.32
"2022-02-25",4384.65,27.59
"2022-02-28",4373.94,30.15
"2022-03-01",4306.26,33.32
"2022-03-02",4386.54,30.74
"2022-03-03",4363.49,30.48
"2022-03-04",4328.87,31.98
"2022-03-07",4201.09,36.45
"2022-03-08",4170.7,35.13
"2022-03-09",4277.88,32.45
"2022-03-10",4259.52,30.23
"2022-03-11",4204.31,30.75
"2022-03-14",4173.11,31.77
"2022-03-15",4262.45,29.83
"2022-03-16",4357.86,26.67
"2022-03-17",4411.67,25.67
"2022-03-18",4463.12,23.87
"2022-03-21",4461.18,23.53
"2022-03-22",4511.61,22.94
"2022-03-23",4456.24,23.57
"2022-03-24",4520.16,21.67
"2022-03-25",4543.06,20.81
"2022-03-28",4575.52,19.63
"2022-03-29",4631.6,18.9
"2022-03-30",4602.45,19.33
"2022-03-31",4530.41,20.56
"2022-04-01",4545.86,19.63
"2022-04-04",4582.64,18.57
"2022-04-05",4525.12,21.03
"2022-04-06",4481.15,22.1
"2022-04-07",4500.21,21.55
"2022-04-08",4488.28,21.16
"2022-04-11",4412.53,24.37
"2022-04-12",4397.45,24.26
"2022-04-13",4446.59,21.82
"2022-04-14",4392.59,22.7
"2022-04-15",NA,NA
"2022-04-18",4391.69,22.17
"2022-04-19",4462.21,21.37
"2022-04-20",4459.45,20.32
"2022-04-21",4393.66,22.68
"2022-04-22",4271.78,28.21
"2022-04-25",4296.12,27.02
"2022-04-26",4175.2,33.52
"2022-04-27",4183.96,31.6
"2022-04-28",4287.5,29.99
"2022-04-29",4131.93,33.4
"2022-05-02",4155.38,32.34
"2022-05-03",4175.48,29.25
"2022-05-04",4300.17,25.42
"2022-05-05",4146.87,31.2
"2022-05-06",4123.34,30.19
"2022-05-09",3991.24,34.75
"2022-05-10",4001.05,32.99
"2022-05-11",3935.18,32.56
"2022-05-12",3930.08,31.77
"2022-05-13",4023.89,28.87
"2022-05-16",4008.01,27.47
"2022-05-17",4088.85,26.1
"2022-05-18",3923.68,30.96
"2022-05-19",3900.79,29.35
"2022-05-20",3901.36,29.43
"2022-05-23",3973.75,28.48
"2022-05-24",3941.48,29.45
"2022-05-25",3978.73,28.37
"2022-05-26",4057.84,27.5
"2022-05-27",4158.24,25.72
"2022-05-30",NA,26.54
"2022-05-31",4132.15,26.19
"2022-06-01",4101.23,25.69
"2022-06-02",4176.82,24.72
"2022-06-03",4108.54,24.79
"2022-06-06",4121.43,25.07
"2022-06-07",4160.68,24.02
"2022-06-08",4115.77,23.96
"2022-06-09",4017.82,26.09
"2022-06-10",3900.86,27.75
"2022-06-13",3749.63,34.02
"2022-06-14",3735.48,32.69
"2022-06-15",3789.99,29.62
"2022-06-16",3666.77,32.95
"2022-06-17",3674.84,31.13
"2022-06-20",NA,31.03
"2022-06-21",3764.79,30.19
"2022-06-22",3759.89,28.95
"2022-06-23",3795.73,29.05
"2022-06-24",3911.74,27.23
"2022-06-27",3900.11,26.95
"2022-06-28",3821.55,28.36
"2022-06-29",3818.83,28.16
"2022-06-30",3785.38,28.71
"2022-07-01",3825.33,26.7
"2022-07-04",NA,27.53
"2022-07-05",3831.39,27.54
"2022-07-06",3845.08,26.73
"2022-07-07",3902.62,26.08
"2022-07-08",3899.38,24.64
"2022-07-11",3854.43,26.17
"2022-07-12",3818.8,27.29
"2022-07-13",3801.78,26.82
"2022-07-14",3790.38,26.4
"2022-07-15",3863.16,24.23
"2022-07-18",3830.85,25.3
"2022-07-19",3936.69,24.5
"2022-07-20",3959.9,23.88
"2022-07-21",3998.95,23.11
"2022-07-22",3961.63,23.03
"2022-07-25",3966.84,23.36
"2022-07-26",3921.05,24.69
"2022-07-27",4023.61,23.24
"2022-07-28",4072.43,22.33
"2022-07-29",4130.29,21.33
"2022-08-01",4118.63,22.84
"2022-08-02",4091.19,23.93
"2022-08-03",4155.17,21.95
"2022-08-04",4151.94,21.44
"2022-08-05",4145.19,21.15
"2022-08-08",4140.06,21.29
"2022-08-09",4122.47,21.77
"2022-08-10",4210.24,19.74
"2022-08-11",4207.27,20.2
"2022-08-12",4280.15,19.53
"2022-08-15",4297.14,19.95
"2022-08-16",4305.2,19.69
"2022-08-17",4274.04,19.9
"2022-08-18",4283.74,19.56
"2022-08-19",4228.48,20.6
"2022-08-22",4137.99,23.8
"2022-08-23",4128.73,24.11
"2022-08-24",4140.77,22.82
"2022-08-25",4199.12,21.78
"2022-08-26",4057.66,25.56
"2022-08-29",4030.61,26.21
"2022-08-30",3986.16,26.21
"2022-08-31",3955,25.87
"2022-09-01",3966.85,25.56
"2022-09-02",3924.26,25.47
"2022-09-05",NA,25.99
"2022-09-06",3908.19,26.91
"2022-09-07",3979.87,24.64
"2022-09-08",4006.18,23.61
"2022-09-09",4067.36,22.79
"2022-09-12",4110.41,23.87
"2022-09-13",3932.69,27.27
"2022-09-14",3946.01,26.16
"2022-09-15",3901.35,26.27
"2022-09-16",3873.33,26.3
"2022-09-19",3899.89,25.76
"2022-09-20",3855.93,27.16
"2022-09-21",3789.93,27.99
"2022-09-22",3757.99,27.35
"2022-09-23",3693.23,29.92
"2022-09-26",3655.04,32.26
"2022-09-27",3647.29,32.6
"2022-09-28",3719.04,30.18
"2022-09-29",3640.47,31.84
"2022-09-30",3585.62,31.62
"2022-10-03",3678.43,30.1
"2022-10-04",3790.93,29.07
"2022-10-05",3783.28,28.55
"2022-10-06",3744.52,30.52
"2022-10-07",3639.66,31.36
"2022-10-10",3612.39,32.45
"2022-10-11",3588.84,33.63
"2022-10-12",3577.03,33.57
"2022-10-13",3669.91,31.94
"2022-10-14",3583.07,32.02
"2022-10-17",3677.95,31.37
"2022-10-18",3719.98,30.5
"2022-10-19",3695.16,30.76
"2022-10-20",3665.78,29.98
"2022-10-21",3752.75,29.69
"2022-10-24",3797.34,29.85
"2022-10-25",3859.11,28.46
"2022-10-26",3830.6,27.28
"2022-10-27",3807.3,27.39
"2022-10-28",3901.06,25.75
"2022-10-31",3871.98,25.88
"2022-11-01",3856.1,25.81
"2022-11-02",3759.69,25.86
"2022-11-03",3719.89,25.3
"2022-11-04",3770.55,24.55
"2022-11-07",3806.8,24.35
"2022-11-08",3828.11,25.54
"2022-11-09",3748.57,26.09
"2022-11-10",3956.37,23.53
"2022-11-11",3992.93,22.52
"2022-11-14",3957.25,23.73
"2022-11-15",3991.73,24.54
"2022-11-16",3958.79,24.11
"2022-11-17",3946.56,23.93
"2022-11-18",3965.34,23.12
"2022-11-21",3949.94,22.36
"2022-11-22",4003.58,21.29
"2022-11-23",4027.26,20.35
"2022-11-24",NA,20.42
"2022-11-25",4026.12,20.5
"2022-11-28",3963.94,22.21
"2022-11-29",3957.63,21.89
"2022-11-30",4080.11,20.58
"2022-12-01",4076.57,19.84
"2022-12-02",4071.7,19.06
"2022-12-05",3998.84,20.75
"2022-12-06",3941.26,22.17
"2022-12-07",3933.92,22.68
"2022-12-08",3963.51,22.29
"2022-12-09",3934.38,22.83
"2022-12-12",3990.56,25
"2022-12-13",4019.65,22.55
"2022-12-14",3995.32,21.14
"2022-12-15",3895.75,22.83
"2022-12-16",3852.36,22.62
"2022-12-19",3817.66,22.42
"2022-12-20",3821.62,21.48
"2022-12-21",3878.44,20.07
"2022-12-22",3822.39,21.97
"2022-12-23",3844.82,20.87
"2022-12-26",NA,NA
"2022-12-27",3829.25,21.65
"2022-12-28",3783.22,22.14
"2022-12-29",3849.28,21.44
"2022-12-30",3839.5,21.67
"2023-01-02",NA,NA
"2023-01-03",3824.14,22.9
"2023-01-04",3852.97,22.01
"2023-01-05",3808.1,22.46
"2023-01-06",3895.08,21.13
"2023-01-09",3892.09,21.97
"2023-01-10",3919.25,20.58
"2023-01-11",3969.61,21.09
"2023-01-12",3983.17,18.83
"2023-01-13",3999.09,18.35
"2023-01-16",NA,19.49
"2023-01-17",3990.97,19.36
"2023-01-18",3928.86,20.34
"2023-01-19",3898.85,20.52
"2023-01-20",3972.61,19.85
"2023-01-23",4019.81,19.81
"2023-01-24",4016.95,19.2
"2023-01-25",4016.22,19.08
"2023-01-26",4060.43,18.73
"2023-01-27",4070.56,18.51
"2023-01-30",4017.77,19.94
"2023-01-31",4076.6,19.4
"2023-02-01",4119.21,17.87
"2023-02-02",4179.76,18.73
"2023-02-03",4136.48,18.33
"2023-02-06",4111.08,19.43
"2023-02-07",4164,18.66
"2023-02-08",4117.86,19.63
"2023-02-09",4081.5,20.71
"2023-02-10",4090.46,20.53
"2023-02-13",4137.29,20.34
"2023-02-14",4136.13,18.91
"2023-02-15",4147.6,18.23
"2023-02-16",4090.41,20.17
"2023-02-17",4079.09,20.02
"2023-02-20",NA,21.23
"2023-02-21",3997.34,22.87
"2023-02-22",3991.05,22.29
"2023-02-23",4012.32,21.14
"2023-02-24",3970.04,21.67
"2023-02-27",3982.24,20.95
"2023-02-28",3970.15,20.7
"2023-03-01",3951.39,20.58
"2023-03-02",3981.35,19.59
"2023-03-03",4045.64,18.49
"2023-03-06",4048.42,18.61
"2023-03-07",3986.37,19.59
"2023-03-08",3992.01,19.11
"2023-03-09",3918.32,22.61
"2023-03-10",3861.59,24.8
"2023-03-13",3855.76,26.52
"2023-03-14",3919.29,23.73
"2023-03-15",3891.93,26.14
"2023-03-16",3960.28,22.99
"2023-03-17",3916.64,25.51
"2023-03-20",3951.57,24.15
"2023-03-21",4002.87,21.38
"2023-03-22",3936.97,22.26
"2023-03-23",3948.72,22.61
"2023-03-24",3970.99,21.74
"2023-03-27",3977.53,20.6
"2023-03-28",3971.27,19.97
"2023-03-29",4027.81,19.12
"2023-03-30",4050.83,19.02
"2023-03-31",4109.31,18.7
"2023-04-03",4124.51,18.55
"2023-04-04",4100.6,19
"2023-04-05",4090.38,19.08
"2023-04-06",4105.02,18.4
"2023-04-07",NA,NA
"2023-04-10",4109.11,18.97
"2023-04-11",4108.94,19.1
"2023-04-12",4091.95,19.09
"2023-04-13",4146.22,17.8
"2023-04-14",4137.64,17.07
"2023-04-17",4151.32,16.95
"2023-04-18",4154.87,16.83
"2023-04-19",4154.52,16.46
"2023-04-20",4129.79,17.17
"2023-04-21",4133.52,16.77
"2023-04-24",4137.04,16.89
"2023-04-25",4071.63,18.76
"2023-04-26",4055.99,18.84
"2023-04-27",4135.35,17.03
"2023-04-28",4169.48,15.78
"2023-05-01",4167.87,16.08
"2023-05-02",4119.58,17.78
"2023-05-03",4090.75,18.34
"2023-05-04",4061.22,20.09
"2023-05-05",4136.25,17.19
"2023-05-08",4138.12,16.98
"2023-05-09",4119.17,17.71
"2023-05-10",4137.64,16.94
"2023-05-11",4130.62,16.93
"2023-05-12",4124.08,17.03
"2023-05-15",4136.28,17.12
"2023-05-16",4109.9,17.99
"2023-05-17",4158.77,16.87
"2023-05-18",4198.05,16.05
"2023-05-19",4191.98,16.81
"2023-05-22",4192.63,17.21
"2023-05-23",4145.58,18.53
"2023-05-24",4115.24,20.03
"2023-05-25",4151.28,19.14
"2023-05-26",4205.45,17.95
"2023-05-29",NA,17.46
"2023-05-30",4205.52,17.46
"2023-05-31",4179.83,17.94
"2023-06-01",4221.02,15.65
"2023-06-02",4282.37,14.6
"2023-06-05",4273.79,14.73
"2023-06-06",4283.85,13.96
"2023-06-07",4267.52,13.94
"2023-06-08",4293.93,13.65
"2023-06-09",4298.86,13.83
"2023-06-12",4338.93,15.01
"2023-06-13",4369.01,14.61
"2023-06-14",4372.59,13.88
"2023-06-15",4425.84,14.5
"2023-06-16",4409.59,13.54
"2023-06-19",NA,14.19
"2023-06-20",4388.71,13.88
"2023-06-21",4365.69,13.2
"2023-06-22",4381.89,12.91
"2023-06-23",4348.33,13.44
"2023-06-26",4328.82,14.25
"2023-06-27",4378.41,13.74
"2023-06-28",4376.86,13.43
"2023-06-29",4396.44,13.54
"2023-06-30",4450.38,13.59
"2023-07-03",4455.59,13.57
"2023-07-04",NA,13.7
"2023-07-05",4446.82,14.18
"2023-07-06",4411.59,15.44
"2023-07-07",4398.95,14.83
"2023-07-10",4409.53,15.07
"2023-07-11",4439.26,14.84
"2023-07-12",4472.16,13.54
"2023-07-13",4510.04,13.61
"2023-07-14",4505.42,13.34
"2023-07-17",4522.79,13.48
"2023-07-18",4554.98,13.3
"2023-07-19",4565.72,13.76
"2023-07-20",4534.87,13.99
"2023-07-21",4536.34,13.6
"2023-07-24",4554.64,13.91
"2023-07-25",4567.46,13.86
"2023-07-26",4566.75,13.19
"2023-07-27",4537.41,14.41
"2023-07-28",4582.23,13.33
"2023-07-31",4588.96,13.63
"2023-08-01",4576.73,13.93
"2023-08-02",4513.39,16.09
"2023-08-03",4501.89,15.92
"2023-08-04",4478.03,17.1
"2023-08-07",4518.44,15.77
"2023-08-08",4499.38,15.99
"2023-08-09",4467.71,15.96
"2023-08-10",4468.83,15.85
"2023-08-11",4464.05,14.84
"2023-08-14",4489.72,14.82
"2023-08-15",4437.86,16.46
"2023-08-16",4404.33,16.78
"2023-08-17",4370.36,17.89
"2023-08-18",4369.71,17.3
"2023-08-21",4399.77,17.13
"2023-08-22",4387.55,16.97
"2023-08-23",4436.01,15.98
"2023-08-24",4376.31,17.2
"2023-08-25",4405.71,15.68
"2023-08-28",4433.31,15.08
"2023-08-29",4497.63,14.45
"2023-08-30",4514.87,13.88
"2023-08-31",4507.66,13.57
"2023-09-01",4515.77,13.09
"2023-09-04",NA,13.82
"2023-09-05",4496.83,14.01
"2023-09-06",4465.48,14.45
"2023-09-07",4451.14,14.4
"2023-09-08",4457.49,13.84
"2023-09-11",4487.46,13.8
"2023-09-12",4461.9,14.23
"2023-09-13",4467.44,13.48
"2023-09-14",4505.1,12.82
"2023-09-15",4450.32,13.79
"2023-09-18",4453.53,14
"2023-09-19",4443.95,14.11
"2023-09-20",4402.2,15.14
"2023-09-21",4330,17.54
"2023-09-22",4320.06,17.2
"2023-09-25",4337.44,16.9
"2023-09-26",4273.53,18.94
"2023-09-27",4274.51,18.22
"2023-09-28",4299.7,17.34
"2023-09-29",4288.05,17.52
"2023-10-02",4288.39,17.61
"2023-10-03",4229.45,19.78
"2023-10-04",4263.75,18.58
"2023-10-05",4258.19,18.49
"2023-10-06",4308.5,17.45
"2023-10-09",4335.66,17.7
"2023-10-10",4358.24,17.03
"2023-10-11",4376.95,16.09
"2023-10-12",4349.61,16.69
"2023-10-13",4327.78,19.32
"2023-10-16",4373.63,17.21
"2023-10-17",4373.2,17.88
"2023-10-18",4314.6,19.22
"2023-10-19",4278,21.4
"2023-10-20",4224.16,21.71
"2023-10-23",4217.04,20.37
"2023-10-24",4247.68,18.97
"2023-10-25",4186.77,20.19
"2023-10-26",4137.23,20.68
"2023-10-27",4117.37,21.27
"2023-10-30",4166.82,19.75
"2023-10-31",4193.8,18.14
"2023-11-01",4237.86,16.87
"2023-11-02",4317.78,15.66
"2023-11-03",4358.34,14.91
"2023-11-06",4365.98,14.89
"2023-11-07",4378.38,14.81
"2023-11-08",4382.78,14.45
"2023-11-09",4347.35,15.29
"2023-11-10",4415.24,14.17
"2023-11-13",4411.55,14.76
"2023-11-14",4495.7,14.16
"2023-11-15",4502.88,14.18
"2023-11-16",4508.24,14.32
"2023-11-17",4514.02,13.8
"2023-11-20",4547.38,13.41
"2023-11-21",4538.19,13.35
"2023-11-22",4556.62,12.85
"2023-11-23",NA,12.8
"2023-11-24",4559.34,12.46
"2023-11-27",4550.43,12.69
"2023-11-28",4554.89,12.69
"2023-11-29",4550.58,12.98
"2023-11-30",4567.8,12.92
"2023-12-01",4594.63,12.63
"2023-12-04",4569.78,13.08
"2023-12-05",4567.18,12.85
"2023-12-06",4549.34,12.97
"2023-12-07",4585.59,13.06
"2023-12-08",4604.37,12.35
"2023-12-11",4622.44,12.63
"2023-12-12",4643.7,12.07
"2023-12-13",4707.09,12.19
"2023-12-14",4719.55,12.48
"2023-12-15",4719.19,12.28
"2023-12-18",4740.56,12.56
"2023-12-19",4768.37,12.53
"2023-12-20",4698.35,13.67
"2023-12-21",4746.75,13.65
"2023-12-22",4754.63,13.03
"2023-12-25",NA,NA
"2023-12-26",4774.75,12.99
"2023-12-27",4781.58,12.43
"2023-12-28",4783.35,12.47
"2023-12-29",4769.83,12.45
"2024-01-01",NA,NA
"2024-01-02",4742.83,13.2
"2024-01-03",4704.81,14.04
"2024-01-04",4688.68,14.13
"2024-01-05",4697.24,13.35
"2024-01-08",4763.54,13.08
"2024-01-09",4756.5,12.76
"2024-01-10",4783.45,12.69
"2024-01-11",4780.24,12.44
"2024-01-12",4783.83,12.7
"2024-01-15",NA,13.25
"2024-01-16",4765.98,13.84
"2024-01-17",4739.21,14.79
"2024-01-18",4780.94,14.13
"2024-01-19",4839.81,13.3
"2024-01-22",4850.43,13.19
"2024-01-23",4864.6,12.55
"2024-01-24",4868.55,13.14
"2024-01-25",4894.16,13.45
"2024-01-26",4890.97,13.26
"2024-01-29",4927.93,13.6
"2024-01-30",4924.97,13.31
"2024-01-31",4845.65,14.35
"2024-02-01",4906.19,13.88
"2024-02-02",4958.61,13.85
"2024-02-05",4942.81,13.67
"2024-02-06",4954.23,13.06
"2024-02-07",4995.06,12.83
"2024-02-08",4997.91,12.79
"2024-02-09",5026.61,12.93
"2024-02-12",5021.84,13.93
"2024-02-13",4953.17,15.85
"2024-02-14",5000.62,14.38
"2024-02-15",5029.73,14.01
"2024-02-16",5005.57,14.24
"2024-02-19",NA,14.71
"2024-02-20",4975.51,15.42
"2024-02-21",4981.8,15.34
"2024-02-22",5087.03,14.54
"2024-02-23",5088.8,13.75
"2024-02-26",5069.53,13.74
"2024-02-27",5078.18,13.43
"2024-02-28",5069.76,13.84
"2024-02-29",5096.27,13.4
"2024-03-01",5137.08,13.11
"2024-03-04",5130.95,13.49
"2024-03-05",5078.65,14.46
"2024-03-06",5104.76,14.5
"2024-03-07",5157.36,14.44
"2024-03-08",5123.69,14.74
"2024-03-11",5117.94,15.22
"2024-03-12",5175.27,13.84
"2024-03-13",5165.31,13.75
"2024-03-14",5150.48,14.4
"2024-03-15",5117.09,14.41
"2024-03-18",5149.42,14.33
"2024-03-19",5178.51,13.82
"2024-03-20",5224.62,13.04
"2024-03-21",5241.53,12.92
"2024-03-22",5234.18,13.06
"2024-03-25",5218.19,13.19
"2024-03-26",5203.58,13.24
"2024-03-27",5248.49,12.78
"2024-03-28",5254.35,13.01
"2024-03-29",NA,NA
"2024-04-01",5243.77,13.65
"2024-04-02",5205.81,14.61
"2024-04-03",5211.49,14.33
"2024-04-04",5147.21,16.35
"2024-04-05",5204.34,16.03
"2024-04-08",5202.39,15.19
"2024-04-09",5209.91,14.98
"2024-04-10",5160.64,15.8
"2024-04-11",5199.06,14.91
"2024-04-12",5123.41,17.31
"2024-04-15",5061.82,19.23
"2024-04-16",5051.41,18.4
"2024-04-17",5022.21,18.21
"2024-04-18",5011.12,18
"2024-04-19",4967.23,18.71
"2024-04-22",5010.6,16.94
"2024-04-23",5070.55,15.69
"2024-04-24",5071.63,15.97
"2024-04-25",5048.42,15.37
"2024-04-26",5099.96,15.03
"2024-04-29",5116.17,14.67
"2024-04-30",5035.69,15.65
"2024-05-01",5018.39,15.39
"2024-05-02",5064.2,14.68
"2024-05-03",5127.79,13.49
"2024-05-06",5180.74,13.49
"2024-05-07",5187.7,13.23
"2024-05-08",5187.67,13
"2024-05-09",5214.08,12.69
"2024-05-10",5222.68,12.55
"2024-05-13",5221.42,13.6
"2024-05-14",5246.68,13.42
"2024-05-15",5308.15,12.45
"2024-05-16",5297.1,12.42
"2024-05-17",5303.27,11.99
"2024-05-20",5308.13,12.15
"2024-05-21",5321.41,11.86
"2024-05-22",5307.01,12.29
"2024-05-23",5267.84,12.77
"2024-05-24",5304.72,11.93
"2024-05-27",NA,12.36
"2024-05-28",5306.04,12.92
"2024-05-29",5266.95,14.28
"2024-05-30",5235.48,14.47
"2024-05-31",5277.51,12.92
"2024-06-03",5283.4,13.11
"2024-06-04",5291.34,13.16
"2024-06-05",5354.03,12.63
"2024-06-06",5352.96,12.58
"2024-06-07",5346.99,12.22
"2024-06-10",5360.79,12.74
"2024-06-11",5375.32,12.85
"2024-06-12",5421.03,12.04
"2024-06-13",5433.74,11.94
"2024-06-14",5431.6,12.66
"2024-06-17",5473.23,12.75
"2024-06-18",5487.03,12.3
"2024-06-19",NA,12.48
"2024-06-20",5473.17,13.28
"2024-06-21",5464.62,13.2
"2024-06-24",5447.87,13.33
"2024-06-25",5469.3,12.84
"2024-06-26",5477.9,12.55
"2024-06-27",5482.87,12.24
"2024-06-28",5460.48,12.44
"2024-07-01",5475.09,12.22
"2024-07-02",5509.01,12.03
"2024-07-03",5537.02,12.09
"2024-07-04",NA,12.26
"2024-07-05",5567.19,12.48
"2024-07-08",5572.85,12.37
"2024-07-09",5576.98,12.51
"2024-07-10",5633.91,12.85
"2024-07-11",5584.54,12.92
"2024-07-12",5615.35,12.46
"2024-07-15",5631.22,13.12
"2024-07-16",5667.2,13.19
"2024-07-17",5588.27,14.48
"2024-07-18",5544.59,15.93
"2024-07-19",5505,16.52
"2024-07-22",5564.41,14.91
"2024-07-23",5555.74,14.72
"2024-07-24",5427.13,18.04
"2024-07-25",5399.22,18.46
"2024-07-26",5459.1,16.39
"2024-07-29",5463.54,16.6
"2024-07-30",5436.44,17.69
"2024-07-31",5522.3,16.36
"2024-08-01",5446.68,18.59
"2024-08-02",5346.56,23.39
"2024-08-05",5186.33,38.57
"2024-08-06",5240.03,27.71
"2024-08-07",5199.5,27.85
"2024-08-08",5319.31,23.79
"2024-08-09",5344.16,20.37
"2024-08-12",5344.39,20.71
"2024-08-13",5434.43,18.12
"2024-08-14",5455.21,16.19
"2024-08-15",5543.22,15.23
"2024-08-16",5554.25,14.8
"2024-08-19",5608.25,14.65
"2024-08-20",5597.12,15.88
"2024-08-21",5620.85,16.27
"2024-08-22",5570.64,17.55
"2024-08-23",5634.61,15.86
"2024-08-26",5616.84,16.15
"2024-08-27",5625.8,15.43
"2024-08-28",5592.18,17.11
"2024-08-29",5591.96,15.65
"2024-08-30",5648.4,15
"2024-09-02",NA,15.55
"2024-09-03",5528.93,20.72
"2024-09-04",5520.07,21.32
"2024-09-05",5503.41,19.9
"2024-09-06",5408.42,22.38
"2024-09-09",5471.05,19.45
"2024-09-10",5495.52,19.08
"2024-09-11",5554.13,17.69
"2024-09-12",5595.76,17.07
"2024-09-13",5626.02,16.56
"2024-09-16",5633.09,17.14
"2024-09-17",5634.58,17.61
"2024-09-18",5618.26,18.23
"2024-09-19",5713.64,16.33
"2024-09-20",5702.55,16.15
"2024-09-23",5718.57,15.89
"2024-09-24",5732.93,15.39
"2024-09-25",5722.26,15.41
"2024-09-26",5745.37,15.37
"2024-09-27",5738.17,16.96
"2024-09-30",5762.48,16.73
"2024-10-01",5708.75,19.26
"2024-10-02",5709.54,18.9
"2024-10-03",5699.94,20.49
"2024-10-04",5751.07,19.21
"2024-10-07",5695.94,22.64
"2024-10-08",5751.13,21.42
"2024-10-09",5792.04,20.86
"2024-10-10",5780.05,20.93
"2024-10-11",5815.03,20.46
"2024-10-14",5859.85,19.7
"2024-10-15",5815.26,20.64
"2024-10-16",5842.47,19.58
"2024-10-17",5841.47,19.11
"2024-10-18",5864.67,18.03
"2024-10-21",5853.98,18.37
"2024-10-22",5851.2,18.2
"2024-10-23",5797.42,19.24
"2024-10-24",5809.86,19.08
"2024-10-25",5808.12,20.33
"2024-10-28",5823.52,19.8
"2024-10-29",5832.92,19.34
"2024-10-30",5813.67,20.35
"2024-10-31",5705.45,23.16
"2024-11-01",5728.8,21.88
"2024-11-04",5712.69,21.98
"2024-11-05",5782.76,20.49
"2024-11-06",5929.04,16.27
"2024-11-07",5973.1,15.2
"2024-11-08",5995.54,14.94
"2024-11-11",6001.35,14.97
"2024-11-12",5983.99,14.71
"2024-11-13",5985.38,14.02
"2024-11-14",5949.17,14.31
"2024-11-15",5870.62,16.14
"2024-11-18",5893.62,15.58
"2024-11-19",5916.98,16.35
"2024-11-20",5917.11,17.16
"2024-11-21",5948.71,16.87
"2024-11-22",5969.34,15.24
"2024-11-25",5987.37,14.6
"2024-11-26",6021.63,14.1
"2024-11-27",5998.74,14.1
"2024-11-28",NA,13.9
"2024-11-29",6032.38,13.51
"2024-12-02",6047.15,13.34
"2024-12-03",6049.88,13.3
"2024-12-04",6086.49,13.45
"2024-12-05",6075.11,13.54
"2024-12-06",6090.27,12.77
"2024-12-09",6052.85,14.19
"2024-12-10",6034.91,14.18
"2024-12-11",6084.19,13.58
"2024-12-12",6051.25,13.92
"2024-12-13",6051.09,13.81
"2024-12-16",6074.08,14.69
"2024-12-17",6050.61,15.87
"2024-12-18",5872.16,27.62
"2024-12-19",5867.08,24.09
"2024-12-20",5930.85,18.36
"2024-12-23",5974.07,16.78
"2024-12-24",6040.04,14.27
"2024-12-25",NA,NA
"2024-12-26",6037.59,14.73
"2024-12-27",5970.84,15.95
"2024-12-30",5906.94,17.4
"2024-12-31",5881.63,17.35
"2025-01-01",NA,NA
"2025-01-02",5868.55,17.93
"2025-01-03",5942.47,16.13
"2025-01-06",5975.38,16.04
"2025-01-07",5909.03,17.82
"2025-01-08",5918.25,17.7
"2025-01-09",NA,18.07
"2025-01-10",5827.04,19.54
"2025-01-13",5836.22,19.19
"2025-01-14",5842.91,18.71
"2025-01-15",5949.91,16.12
"2025-01-16",5937.34,16.6
"2025-01-17",5996.66,15.97
"2025-01-20",NA,15.81
"2025-01-21",6049.24,15.06
"2025-01-22",6086.37,15.1
"2025-01-23",6118.71,15.02
"2025-01-24",6101.24,14.85
"2025-01-27",6012.28,17.9
"2025-01-28",6067.7,16.41
"2025-01-29",6039.31,16.56
"2025-01-30",6071.17,15.84
"2025-01-31",6040.53,16.43
"2025-02-03",5994.57,18.62
"2025-02-04",6037.88,17.21
"2025-02-05",6061.48,15.77
"2025-02-06",6083.57,15.5
"2025-02-07",6025.99,16.54
"2025-02-10",6066.44,15.81
"2025-02-11",6068.5,16.02
"2025-02-12",6051.97,15.89
"2025-02-13",6115.07,15.1
"2025-02-14",6114.63,14.77
"2025-02-17",NA,15.37
"2025-02-18",6129.58,15.35
"2025-02-19",6144.15,15.27
"2025-02-20",6117.52,15.66
"2025-02-21",6013.13,18.21
"2025-02-24",5983.25,18.98
"2025-02-25",5955.25,19.43
"2025-02-26",5956.06,19.1
"2025-02-27",5861.57,21.13
"2025-02-28",5954.5,19.63
"2025-03-03",5849.72,22.78
"2025-03-04",5778.15,23.51
"2025-03-05",5842.63,21.93
"2025-03-06",5738.52,24.87
"2025-03-07",5770.2,23.37
"2025-03-10",5614.56,27.86
"2025-03-11",5572.07,26.92
"2025-03-12",5599.3,24.23
"2025-03-13",5521.52,24.66
"2025-03-14",5638.94,21.77
"2025-03-17",5675.12,20.51
"2025-03-18",5614.66,21.7
"2025-03-19",5675.29,19.9
"2025-03-20",5662.89,19.8
"2025-03-21",5667.56,19.28
"2025-03-24",5767.57,17.48
"2025-03-25",5776.65,17.15
"2025-03-26",5712.2,18.33
"2025-03-27",5693.31,18.69
"2025-03-28",5580.94,21.65
"2025-03-31",5611.85,22.28
"2025-04-01",5633.07,21.77
"2025-04-02",5670.97,21.51
"2025-04-03",5396.52,30.02
"2025-04-04",5074.08,45.31
"2025-04-07",5062.25,46.98
"2025-04-08",4982.77,52.33
"2025-04-09",5456.9,33.62
"2025-04-10",5268.05,40.72
"2025-04-11",5363.36,37.56
"2025-04-14",5405.97,30.89
"2025-04-15",5396.63,30.12
"2025-04-16",5275.7,32.64
"2025-04-17",5282.7,29.65
"2025-04-18",NA,NA
"2025-04-21",5158.2,33.82
"2025-04-22",5287.76,30.57
"2025-04-23",5375.86,28.45
"2025-04-24",5484.77,26.47
"2025-04-25",5525.21,24.84
"2025-04-28",5528.75,25.15
"2025-04-29",5560.83,24.17
"2025-04-30",5569.06,24.7
"2025-05-01",5604.14,24.6
"2025-05-02",5686.67,22.68
"2025-05-05",5650.38,23.64
"2025-05-06",5606.91,24.76
"2025-05-07",5631.28,23.55
"2025-05-08",5663.94,22.48
"2025-05-09",5659.91,21.9
"2025-05-12",5844.19,18.39
"2025-05-13",5886.55,18.22
"2025-05-14",5892.58,18.62
"2025-05-15",5916.93,17.83
"2025-05-16",5958.38,17.24
"2025-05-19",5963.6,18.14
"2025-05-20",5940.46,18.09
"2025-05-21",5844.61,20.87
"2025-05-22",5842.01,20.28
"2025-05-23",5802.82,22.29
"2025-05-26",NA,20.57
"2025-05-27",5921.54,18.96
"2025-05-28",5888.55,19.31
"2025-05-29",5912.17,19.18
"2025-05-30",5911.69,18.57
"2025-06-02",5935.94,18.36
"2025-06-03",5970.37,17.69
"2025-06-04",5970.81,17.61
"2025-06-05",5939.3,18.48
"2025-06-06",6000.36,16.77
"2025-06-09",6005.88,17.16
"2025-06-10",6038.81,16.95
"2025-06-11",6022.24,17.26
"2025-06-12",6045.26,18.02
"2025-06-13",5976.97,20.82
"2025-06-16",6033.11,19.11
"2025-06-17",5982.72,21.6
"2025-06-18",5980.87,20.14
"2025-06-19",NA,22.17
"2025-06-20",5967.84,20.62
"2025-06-23",6025.17,19.83
"2025-06-24",6092.18,17.48
"2025-06-25",6092.16,16.76
"2025-06-26",6141.02,16.59
"2025-06-27",6173.07,16.32
"2025-06-30",6204.95,16.73
"2025-07-01",6198.01,16.83
"2025-07-02",6227.42,16.64
"2025-07-03",6279.35,16.38
"2025-07-04",NA,17.48
"2025-07-07",6229.98,17.79
"2025-07-08",6225.52,16.81
"2025-07-09",6263.26,15.94
"2025-07-10",6280.46,15.78
"2025-07-11",6259.75,16.4
"2025-07-14",6268.56,17.2
"2025-07-15",6243.76,17.38
"2025-07-16",6263.7,17.16
"2025-07-17",6297.36,16.52
"2025-07-18",6296.79,16.41
"2025-07-21",6305.6,16.65
"2025-07-22",6309.62,16.5
"2025-07-23",6358.91,15.37
"2025-07-24",6363.35,15.39
"2025-07-25",6388.64,14.93
"2025-07-28",6389.77,15.03
"2025-07-29",6370.86,15.98
"2025-07-30",6362.9,15.48
"2025-07-31",6339.39,16.72
"2025-08-01",6238.01,20.38
"2025-08-04",6329.94,17.52
"2025-08-05",6299.19,17.85
"2025-08-06",6345.06,16.77
"2025-08-07",6340,16.57
"2025-08-08",6389.45,15.15
"2025-08-11",6373.45,16.25
"2025-08-12",6445.76,14.73
"2025-08-13",6466.58,14.49
"2025-08-14",6468.54,14.83
"2025-08-15",6449.8,15.09
"2025-08-18",6449.15,14.99
"2025-08-19",6411.37,15.57
"2025-08-20",6395.78,15.69
"2025-08-21",6370.17,16.6
"2025-08-22",6466.91,14.22
"2025-08-25",6439.32,14.79
"2025-08-26",6465.94,14.62
"2025-08-27",6481.4,14.85
"2025-08-28",6501.86,14.43
"2025-08-29",6460.26,15.36
"2025-09-01",NA,16.12
"2025-09-02",6415.54,17.17
"2025-09-03",6448.26,16.35
"2025-09-04",6502.08,15.3
"2025-09-05",6481.5,15.18
"2025-09-08",6495.15,15.11
"2025-09-09",6512.61,15.04
"2025-09-10",6532.04,15.35
"2025-09-11",6587.47,14.71
"2025-09-12",6584.29,14.76
"2025-09-15",6615.28,15.69
"2025-09-16",6606.76,16.36
"2025-09-17",6600.35,15.72
"2025-09-18",6631.96,15.7
"2025-09-19",6664.36,15.45
"2025-09-22",6693.75,16.1
"2025-09-23",6656.92,16.64
"2025-09-24",6637.97,16.18
"2025-09-25",6604.72,16.74
"2025-09-26",6643.7,15.29
"2025-09-29",6661.21,16.12
"2025-09-30",6688.46,16.28
"2025-10-01",6711.2,16.29
"2025-10-02",6715.35,16.63
"2025-10-03",6715.79,16.65
"2025-10-06",6740.28,16.37
"2025-10-07",6714.59,17.24
"2025-10-08",6753.72,16.3
"2025-10-09",6735.11,16.43
"2025-10-10",6552.51,21.66
"2025-10-13",6654.72,19.03
"2025-10-14",6644.31,20.81
"2025-10-15",6671.06,20.64
"2025-10-16",6629.07,25.31
"2025-10-17",6664.01,20.78
"2025-10-20",6735.13,18.23
"2025-10-21",6735.35,17.87
"2025-10-22",6699.4,18.6
"2025-10-23",6738.44,17.3
"2025-10-24",6791.69,16.37
"2025-10-27",6875.16,15.79
"2025-10-28",6890.89,16.42
"2025-10-29",6890.59,16.92
"2025-10-30",6822.34,16.91
"2025-10-31",6840.2,17.44
"2025-11-03",6851.97,17.17
"2025-11-04",6771.55,19
"2025-11-05",6796.29,18.01
"2025-11-06",6720.32,19.5
"2025-11-07",6728.8,19.08
"2025-11-10",6832.43,17.6
"2025-11-11",6846.61,17.28
"2025-11-12",6850.92,17.51
"2025-11-13",6737.49,20
"2025-11-14",6734.11,19.83
"2025-11-17",6672.41,22.38
"2025-11-18",6617.32,24.69
"2025-11-19",6642.16,23.66
"2025-11-20",6538.76,26.42
"2025-11-21",6602.99,23.43
"2025-11-24",6705.12,20.52
"2025-11-25",6765.88,18.56
"2025-11-26",6812.61,17.19
"2025-11-27",NA,17.21
"2025-11-28",6849.09,16.35
"2025-12-01",6812.63,17.24
"2025-12-02",6829.37,16.59
"2025-12-03",6849.72,16.08
"2025-12-04",6857.12,15.78
"2025-12-05",6870.4,15.41
"2025-12-08",6846.51,16.66
"2025-12-09",6840.51,16.93
"2025-12-10",6886.68,15.77
"2025-12-11",6901,14.85
"2025-12-12",6827.41,15.74
"2025-12-15",6816.51,16.5
"2025-12-16",6800.26,16.48
"2025-12-17",6721.43,17.62
"2025-12-18",6774.76,16.87
"2025-12-19",6834.5,14.91
"2025-12-22",6878.49,14.08
"2025-12-23",6909.79,14
"2025-12-24",6932.05,13.47
"2025-12-25",NA,NA
"2025-12-26",6929.94,13.6
"2025-12-29",6905.74,14.2
"2025-12-30",6896.24,14.33
"2025-12-31",6845.5,14.95
"2026-01-01",NA,NA
"2026-01-02",6858.47,14.51
"2026-01-05",6902.05,14.9
"2026-01-06",6944.82,14.75
"2026-01-07",6920.93,15.38
"2026-01-08",6921.46,15.45
"2026-01-09",6966.28,14.49
"2026-01-12",6977.27,15.12
"2026-01-13",6963.74,15.98
"2026-01-14",6926.6,16.75
"2026-01-15",6944.47,15.84
"2026-01-16",6940.01,15.86
"2026-01-19",NA,18.84
"2026-01-20",6796.86,20.09
"2026-01-21",6875.62,16.9
"2026-01-22",6913.35,15.64
"2026-01-23",6915.61,16.09
"2026-01-26",6950.23,16.15
"2026-01-27",6978.6,16.35
"2026-01-28",6978.03,16.35
"2026-01-29",6969.01,16.88
"2026-01-30",6939.03,17.44
"2026-02-02",6976.44,16.34
"2026-02-03",6917.81,18
"2026-02-04",6882.72,18.64
"2026-02-05",6798.4,21.77
"2026-02-06",6932.3,17.76
"2026-02-09",6964.82,17.36
"2026-02-10",6941.81,17.79
"2026-02-11",6941.47,17.65
"2026-02-12",6832.76,20.82
"2026-02-13",6836.17,20.6
"2026-02-16",NA,21.2
"2026-02-17",6843.22,20.29
"2026-02-18",6881.31,19.62
"2026-02-19",6861.89,20.23
"2026-02-20",6909.51,19.09
"2026-02-23",6837.75,21.01
"2026-02-24",6890.07,19.55
"2026-02-25",6946.13,17.93
"2026-02-26",6908.86,18.63
"2026-02-27",6878.88,19.86
"2026-03-02",6881.62,21.44
"2026-03-03",6816.63,23.57
"2026-03-04",6869.5,21.15
"2026-03-05",6830.71,23.75
"2026-03-06",6740.02,29.49
"2026-03-09",6795.99,25.5
"2026-03-10",6781.48,24.93
"2026-03-11",6775.8,24.23
"2026-03-12",6672.62,27.29
"2026-03-13",6632.19,27.19
"2026-03-16",6699.38,23.51
"2026-03-17",6716.09,22.37
"2026-03-18",6624.7,25.09
"2026-03-19",6606.49,24.06
"2026-03-20",6506.48,26.78
"2026-03-23",6581,26.15
"2026-03-24",6556.37,26.95
"2026-03-25",6591.9,25.33
"2026-03-26",6477.16,27.44
"2026-03-27",6368.85,31.05
"2026-03-30",6343.72,30.61
"2026-03-31",6528.52,25.25
"2026-04-01",6575.32,24.54
"2026-04-02",6582.69,23.87
"2026-04-03",NA,NA
"2026-04-06",6611.83,24.17
"2026-04-07",6616.85,25.78
"2026-04-08",6782.81,21.04
"2026-04-09",6824.66,19.49
"2026-04-10",6816.89,19.23
"2026-04-13",6886.24,19.12
"2026-04-14",6967.38,18.36
"2026-04-15",7022.95,18.17
"2026-04-16",7041.28,17.94
"2026-04-17",7126.06,17.48
"2026-04-20",7109.14,18.87
"2026-04-21",7064.01,19.5
"2026-04-22",7137.9,18.92
"2026-04-23",7108.4,19.31
"2026-04-24",7165.08,18.71
"2026-04-27",7173.91,18.02
"2026-04-28",7138.8,17.83
"2026-04-29",7135.95,18.81
"2026-04-30",7209.01,16.89
"2026-05-01",7230.12,16.99
"2026-05-04",7200.75,18.29
"2026-05-05",7259.22,17.38
"2026-05-06",7365.12,17.39
"2026-05-07",7337.11,17.08
"2026-05-08",7398.93,17.19
"2026-05-11",7412.84,18.38
"2026-05-12",7400.96,17.99
"2026-05-13",7444.25,17.87
"2026-05-14",7501.24,17.26
"2026-05-15",7408.5,18.43
"2026-05-18",7403.05,17.82
"2026-05-19",7353.61,18.06
"2026-05-20",7432.97,17.44
"2026-05-21",7445.72,16.76
"2026-05-22",7473.47,16.7
"2026-05-25",NA,16.59
"2026-05-26",7519.12,17.01
"2026-05-27",7520.36,16.29
"2026-05-28",7563.63,15.74
"2026-05-29",7580.06,15.32
"2026-06-01",7599.96,16.05
"2026-06-02",7609.78,15.77
"2026-06-03",7553.68,16.06
"2026-06-04",7584.31,15.4
"2026-06-05",7383.74,21.51
"2026-06-08",7405.73,18.92
"2026-06-09",7386.65,19.87
"2026-06-10",7266.99,22.22
"2026-06-11",7394.3,19.44
"2026-06-12",7431.46,17.68
"2026-06-15",7554.29,16.2
"2026-06-16",7511.35,16.41
"2026-06-17",7420.1,18.44
"2026-06-18",7500.58,16.4
"2026-06-19",NA,16.78
"2026-06-22",7472.79,17.28
"2026-06-23",7365.46,19.49
"2026-06-24",7358.22,18.63
"2026-06-25",7357.49,18.89
"2026-06-26",7354.02,18.41
"2026-06-29",7440.43,17.65
"2026-06-30",7499.36,16.45
"2026-07-01",7483.23,16.59
"2026-07-02",7483.24,16.15
"2026-07-03",NA,15.81
"2026-07-06",7537.43,15.57
"2026-07-07",7503.85,16.13
"2026-07-08",7482.71,16.9
"2026-07-09",7543.64,15.84
"2026-07-10",7575.39,15.03
"2026-07-13",7515.34,17.16
"2026-07-14",7543.59,16.5
"2026-07-15",7572.4,15.67
"2026-07-16",7533.77,16.73
"2026-07-17",7457.69,18.77
"2026-07-20",7443.28,18.65
"2026-07-21",7509.2,17.05
"2026-07-22",7498.96,16.64
"2026-07-23",7408.3,18.7
"2026-07-24",7411.98,18.58
"2026-07-27",7413.18,18.67
"2026-07-28",7428.78,18.21
"2026-07-29",7316.15,20.66
"2026-07-30",7437.63,17.09
"2026-07-31",7489.72,15.99
"2026-08-03",7600.5,15.86
"2026-08-04",7736.52,16.5
"2026-08-05",7723.55,15.81
"2026-08-06",7709.96,15.15
"2026-08-07",7757.64,14.9
"2026-08-10",7753.11,15.46
"2026-08-11",7728.2,15.28
"2026-08-12",7748.5,14.55
"2026-08-13",7798.99,14.63
"2026-08-14",7785.76,14.25
"2026-08-17",7745.06,15.19
"2026-08-18",7691.76,15.84
"2026-08-19",7707.98,14.89
"2026-08-20",7641.16,16.01
"2026-08-21",7674.37,15.13
"2026-08-24",7652.86,15.85
"2026-08-25",7677.28,15.45
"2026-08-26",7675.7,15.21
"2026-08-27",7730.99,14.51
"2026-08-28",7711.76,14.43
"2026-08-31",7686.14,14.92
"2026-09-01",7631.47,16.34
"2026-09-02",7666.6,15.2
"2026-09-03",7747.71,14.32
"2026-09-04",7718.6,14.53
"2026-09-07",NA,15.3
"2026-09-08",7673.52,15.72
"2026-09-09",7636.36,16.46
"2026-09-10",7591.7,17.84
"2026-09-11",7656.98,15.84
"2026-09-14",7619.98,17.1
"2026-09-15",7585.73,17.2
"2026-09-16",7551.81,17.71
"2026-09-17",7637.76,15.44
"2026-09-18",7650.5,14.81
"2026-09-21",7764.7,14.87
"2026-09-22",7764.64,14.21
